detection_id,facility_id,timestamp,latitude,longitude,frp,brightness_temperature,confidence,satellite
DET_000357,FAC_016,2026-05-25 00:44:00,22.80173,86.09613,17.43,340.12,66,MODIS_Terra
DET_000623,FAC_026,2026-05-25 01:36:00,22.91914,86.18234,16.97,331.49,92,MODIS_Terra
DET_000711,FAC_028,2026-05-25 04:15:00,22.82048,86.0995,17.06,334.16,79,MODIS_Terra
DET_000359,FAC_016,2026-05-25 05:02:00,22.80047,86.09249,15.37,320.78,73,MODIS_Aqua
DET_000007,FAC_002,2026-05-25 05:03:00,22.78742,86.21789,13.09,326.01,81,VIIRS_SNPP
DET_000712,FAC_028,2026-05-25 07:03:00,22.83159,86.10163,16.92,338.26,84,MODIS_Terra
DET_000053,FAC_005,2026-05-25 09:38:00,22.73977,86.05579,28.58,338.75,92,MODIS_Terra
DET_000147,FAC_008,2026-05-25 09:47:00,22.72143,86.0717,2.21,300.09,86,MODIS_Terra
DET_000052,FAC_005,2026-05-25 12:33:00,22.74151,86.05641,28.1,357.77,75,MODIS_Terra
DET_000304,FAC_012,2026-05-25 12:54:00,22.77291,86.29455,2.06,305.52,76,VIIRS_SNPP
DET_000429,FAC_017,2026-05-25 16:47:00,22.85749,86.18187,8.08,324.47,69,VIIRS_NOAA20
DET_000449,FAC_018,2026-05-25 20:43:00,22.76358,86.13722,23.53,338.0,75,VIIRS_SNPP
DET_000358,FAC_016,2026-05-25 22:47:00,22.80325,86.09553,16.06,336.37,65,VIIRS_SNPP
DET_000255,FAC_011,2026-05-26 02:34:00,22.88638,86.25252,11.88,320.26,100,VIIRS_NOAA20
DET_000714,FAC_028,2026-05-26 06:36:00,22.82113,86.10101,24.17,343.73,83,VIIRS_NOAA20
DET_000430,FAC_017,2026-05-26 10:16:00,22.86634,86.18365,5.71,322.52,80,MODIS_Aqua
DET_000450,FAC_018,2026-05-26 20:04:00,22.76327,86.14268,25.62,339.34,58,MODIS_Aqua
DET_000713,FAC_028,2026-05-26 22:16:00,22.82925,86.10631,19.69,339.43,87,VIIRS_SNPP
DET_000624,FAC_026,2026-05-26 23:34:00,22.92138,86.1894,17.2,329.62,91,MODIS_Aqua
DET_000540,FAC_020,2026-05-26 23:46:00,22.67462,86.08507,7.62,324.35,84,VIIRS_SNPP
DET_000257,FAC_011,2026-05-27 02:33:00,22.88595,86.24505,11.58,325.25,100,MODIS_Aqua
DET_000534,FAC_019,2026-05-27 02:55:00,22.83947,86.15966,2.82,311.86,67,MODIS_Terra
DET_000332,FAC_015,2026-05-27 04:48:00,22.78956,86.09437,10.62,320.18,72,VIIRS_NOAA20
DET_000256,FAC_011,2026-05-27 05:05:00,22.88396,86.24727,5.64,317.27,93,MODIS_Aqua
DET_000806,FAC_029,2026-05-27 08:33:00,22.9036,86.28217,17.7,338.0,60,MODIS_Aqua
DET_000625,FAC_026,2026-05-27 14:28:00,22.91681,86.18738,15.44,328.91,100,MODIS_Aqua
DET_000360,FAC_016,2026-05-27 15:09:00,22.80408,86.09524,12.74,332.56,66,VIIRS_NOAA20
DET_000258,FAC_011,2026-05-27 23:09:00,22.88445,86.24759,6.72,317.2,82,VIIRS_NOAA20
DET_000054,FAC_005,2026-05-28 05:32:00,22.73882,86.05734,17.92,357.2,90,MODIS_Aqua
DET_000808,FAC_029,2026-05-28 06:27:00,22.91128,86.28448,17.99,335.33,73,VIIRS_SNPP
DET_000451,FAC_018,2026-05-28 07:01:00,22.76631,86.13894,15.31,338.9,67,MODIS_Aqua
DET_000682,FAC_027,2026-05-28 08:55:00,22.71168,86.14182,7.93,311.76,68,VIIRS_NOAA20
DET_000626,FAC_026,2026-05-28 10:31:00,22.92409,86.1894,15.55,329.56,80,MODIS_Terra
DET_000715,FAC_028,2026-05-28 12:51:00,22.82234,86.10014,15.38,331.28,82,MODIS_Aqua
DET_000627,FAC_026,2026-05-28 13:16:00,22.91911,86.18907,14.82,329.64,71,VIIRS_SNPP
DET_000716,FAC_028,2026-05-28 13:16:00,22.82158,86.10221,17.85,332.83,73,VIIRS_SNPP
DET_000159,FAC_009,2026-05-28 14:36:00,22.73985,86.13966,15.13,345.65,64,MODIS_Terra
DET_000807,FAC_029,2026-05-28 23:47:00,22.90351,86.28323,20.68,345.6,73,MODIS_Aqua
DET_000228,FAC_010,2026-05-29 00:02:00,22.85247,86.21656,8.7,316.94,73,VIIRS_SNPP
DET_000161,FAC_009,2026-05-29 00:42:00,22.72687,86.13851,19.88,347.6,65,VIIRS_NOAA20
DET_000452,FAC_018,2026-05-29 01:03:00,22.76896,86.13467,21.35,343.42,97,MODIS_Aqua
DET_000334,FAC_015,2026-05-29 01:57:00,22.78985,86.09487,9.8,320.48,86,MODIS_Terra
DET_000717,FAC_028,2026-05-29 03:45:00,22.82281,86.1048,28.25,338.95,66,MODIS_Terra
DET_000260,FAC_011,2026-05-29 04:42:00,22.88091,86.24707,8.91,317.72,83,MODIS_Aqua
DET_000160,FAC_009,2026-05-29 07:06:00,22.73068,86.13921,10.29,342.59,84,VIIRS_NOAA20
DET_000259,FAC_011,2026-05-29 12:11:00,22.88437,86.24828,8.13,321.99,89,MODIS_Aqua
DET_000333,FAC_015,2026-05-29 12:50:00,22.79074,86.0975,9.48,320.51,90,VIIRS_SNPP
DET_000559,FAC_022,2026-05-29 19:47:00,22.86306,86.13056,11.61,323.46,80,VIIRS_NOAA20
DET_000718,FAC_028,2026-05-29 22:36:00,22.82229,86.10354,14.06,337.26,84,VIIRS_SNPP
DET_000041,FAC_004,2026-05-30 02:09:00,22.81521,86.21163,7.19,324.96,79,MODIS_Terra
DET_000810,FAC_029,2026-05-30 02:27:00,22.9083,86.28083,17.72,330.0,72,VIIRS_NOAA20
DET_000361,FAC_016,2026-05-30 10:31:00,22.79678,86.09868,13.54,320.14,82,VIIRS_SNPP
DET_000628,FAC_026,2026-05-30 10:44:00,22.91882,86.19108,20.6,335.71,63,MODIS_Aqua
DET_000809,FAC_029,2026-05-30 14:19:00,22.90756,86.2764,14.29,326.62,95,VIIRS_SNPP
DET_000619,FAC_025,2026-05-30 16:30:00,22.72812,86.08178,2.54,310.82,77,VIIRS_NOAA20
DET_000606,FAC_023,2026-05-30 18:12:00,22.93823,86.283,5.05,312.7,68,VIIRS_NOAA20
DET_000719,FAC_028,2026-05-30 23:22:00,22.82705,86.10624,25.43,346.9,77,VIIRS_SNPP
DET_000335,FAC_015,2026-05-31 00:31:00,22.788,86.10218,5.36,322.99,82,VIIRS_SNPP
DET_000720,FAC_028,2026-05-31 02:01:00,22.81924,86.10465,17.76,348.06,81,MODIS_Terra
DET_000162,FAC_009,2026-05-31 05:15:00,22.73256,86.13055,15.35,349.28,68,MODIS_Terra
DET_000811,FAC_029,2026-05-31 05:24:00,22.90253,86.28005,21.78,333.6,56,MODIS_Aqua
DET_000362,FAC_016,2026-05-31 07:29:00,22.8012,86.09963,15.07,342.72,80,VIIRS_SNPP
DET_000363,FAC_016,2026-05-31 08:22:00,22.80073,86.09023,16.52,338.58,65,VIIRS_NOAA20
DET_000336,FAC_015,2026-05-31 09:27:00,22.78915,86.09876,9.61,328.26,75,MODIS_Terra
DET_000128,FAC_006,2026-05-31 10:09:00,22.78126,86.11125,2.71,310.09,94,MODIS_Aqua
DET_000453,FAC_018,2026-05-31 10:44:00,22.76528,86.13856,20.53,332.17,69,VIIRS_SNPP
DET_000560,FAC_022,2026-05-31 10:58:00,22.85988,86.12944,13.31,318.76,83,VIIRS_SNPP
DET_000261,FAC_011,2026-05-31 11:31:00,22.88235,86.24475,10.9,333.51,89,VIIRS_NOAA20
DET_000431,FAC_017,2026-05-31 15:37:00,22.85841,86.18586,5.83,312.08,76,MODIS_Terra
DET_000008,FAC_002,2026-05-31 21:19:00,22.78755,86.21614,9.62,329.78,74,VIIRS_NOAA20
DET_000163,FAC_009,2026-05-31 22:52:00,22.734,86.13584,9.75,329.23,60,MODIS_Terra
DET_000337,FAC_015,2026-06-01 00:15:00,22.78777,86.09757,6.53,322.38,74,MODIS_Aqua
DET_000165,FAC_009,2026-06-01 00:24:00,22.73526,86.14088,14.51,339.85,78,VIIRS_SNPP
DET_000164,FAC_009,2026-06-01 02:28:00,22.7322,86.13475,15.84,336.61,86,MODIS_Aqua
DET_000262,FAC_011,2026-06-01 02:49:00,22.88162,86.25046,7.41,319.8,79,MODIS_Aqua
DET_000148,FAC_008,2026-06-01 04:50:00,22.72922,86.06057,3.61,305.29,66,MODIS_Aqua
DET_000541,FAC_020,2026-06-01 08:51:00,22.67522,86.08371,6.7,307.15,94,MODIS_Terra
DET_000561,FAC_022,2026-06-01 09:36:00,22.85945,86.12732,9.7,321.95,76,VIIRS_NOAA20
DET_000364,FAC_016,2026-06-01 09:57:00,22.80409,86.09273,20.08,324.11,81,MODIS_Terra
DET_000542,FAC_020,2026-06-01 13:30:00,22.67304,86.08679,6.78,323.89,70,VIIRS_SNPP
DET_000629,FAC_026,2026-06-01 20:38:00,22.92114,86.187,13.03,340.06,94,VIIRS_NOAA20
DET_000001,FAC_001,2026-06-02 01:00:00,22.68251,86.25228,2.05,308.44,78,MODIS_Aqua
DET_000338,FAC_015,2026-06-02 02:41:00,22.78752,86.09984,5.34,324.88,83,VIIRS_NOAA20
DET_000229,FAC_010,2026-06-02 17:11:00,22.8542,86.21529,5.55,311.17,78,MODIS_Terra
DET_000166,FAC_009,2026-06-02 20:19:00,22.73424,86.13648,16.37,342.25,37,MODIS_Aqua
DET_000339,FAC_015,2026-06-02 20:22:00,22.78684,86.09752,10.22,314.76,83,VIIRS_SNPP
DET_000455,FAC_018,2026-06-03 01:32:00,22.76281,86.14623,31.7,337.37,100,VIIRS_NOAA20
DET_000454,FAC_018,2026-06-03 01:34:00,22.76235,86.1448,23.79,333.77,53,MODIS_Aqua
DET_000263,FAC_011,2026-06-03 05:48:00,22.88307,86.24731,10.59,324.56,87,MODIS_Terra
DET_000630,FAC_026,2026-06-03 05:56:00,22.91702,86.18563,24.09,342.74,91,MODIS_Terra
DET_000721,FAC_028,2026-06-03 06:45:00,22.82316,86.10675,19.06,346.98,100,VIIRS_SNPP
DET_000149,FAC_008,2026-06-03 07:52:00,22.72348,86.06944,4.04,308.17,67,VIIRS_NOAA20
DET_000056,FAC_005,2026-06-03 09:28:00,22.74297,86.06241,24.57,345.73,88,VIIRS_SNPP
DET_000055,FAC_005,2026-06-03 10:45:00,22.74098,86.05898,20.07,339.42,80,MODIS_Terra
DET_000167,FAC_009,2026-06-03 12:33:00,22.74094,86.14008,17.8,331.21,79,VIIRS_NOAA20
DET_000308,FAC_013,2026-06-03 12:39:00,22.70052,86.05979,3.33,316.59,70,MODIS_Terra
DET_000456,FAC_018,2026-06-03 12:50:00,22.76233,86.13871,20.46,355.02,83,MODIS_Aqua
DET_000543,FAC_020,2026-06-03 16:42:00,22.67606,86.08586,5.06,317.52,81,MODIS_Aqua
DET_000367,FAC_016,2026-06-04 01:03:00,22.80266,86.09838,23.43,335.61,57,VIIRS_NOAA20
DET_000168,FAC_009,2026-06-04 03:21:00,22.72965,86.13891,12.1,327.06,59,MODIS_Aqua
DET_000340,FAC_015,2026-06-04 04:21:00,22.78886,86.09499,11.16,312.56,73,MODIS_Terra
DET_000264,FAC_011,2026-06-04 07:47:00,22.88907,86.24929,12.57,324.84,80,VIIRS_NOAA20
DET_000230,FAC_010,2026-06-04 08:24:00,22.84444,86.21089,5.91,312.88,82,VIIRS_SNPP
DET_000366,FAC_016,2026-06-04 09:06:00,22.79877,86.09611,19.16,326.27,100,MODIS_Terra
DET_000140,FAC_007,2026-06-04 15:25:00,22.76696,86.30696,2.53,319.32,79,VIIRS_SNPP
DET_000722,FAC_028,2026-06-04 17:51:00,22.82411,86.10363,30.72,339.17,90,MODIS_Terra
DET_000365,FAC_016,2026-06-04 20:52:00,22.79934,86.09698,19.53,335.6,91,MODIS_Aqua
DET_000607,FAC_023,2026-06-04 21:04:00,22.94159,86.28585,0.96,314.62,86,VIIRS_NOAA20
DET_000327,FAC_014,2026-06-04 21:40:00,22.67724,86.26914,5.43,313.99,73,MODIS_Terra
DET_000002,FAC_001,2026-06-05 02:20:00,22.68457,86.25055,3.98,300.68,89,MODIS_Aqua
DET_000057,FAC_005,2026-06-05 05:57:00,22.73587,86.06089,17.81,334.39,85,VIIRS_SNPP
DET_000141,FAC_007,2026-06-05 09:36:00,22.77231,86.30386,2.89,302.26,83,VIIRS_SNPP
DET_000631,FAC_026,2026-06-05 12:28:00,22.92119,86.18866,15.59,339.29,68,MODIS_Terra
DET_000554,FAC_021,2026-06-05 13:39:00,22.94187,86.32326,2.74,307.32,78,VIIRS_NOAA20
DET_000150,FAC_008,2026-06-05 15:06:00,22.72378,86.06753,4.6,307.61,84,VIIRS_SNPP
DET_000151,FAC_008,2026-06-05 15:23:00,22.71747,86.07191,1.1,318.78,73,VIIRS_NOAA20
DET_000169,FAC_009,2026-06-05 16:45:00,22.73622,86.14046,13.06,328.45,100,MODIS_Aqua
DET_000170,FAC_009,2026-06-06 01:54:00,22.73615,86.13691,21.6,339.11,80,MODIS_Aqua
DET_000231,FAC_010,2026-06-06 02:34:00,22.84949,86.21967,5.13,326.9,81,MODIS_Terra
DET_000265,FAC_011,2026-06-06 03:45:00,22.88647,86.24797,9.36,322.94,77,MODIS_Aqua
DET_000724,FAC_028,2026-06-06 10:39:00,22.82346,86.1042,22.51,342.29,73,VIIRS_NOAA20
DET_000723,FAC_028,2026-06-06 15:48:00,22.81814,86.10759,20.13,331.7,70,MODIS_Aqua
DET_000813,FAC_029,2026-06-06 17:43:00,22.9072,86.2726,19.06,343.08,86,VIIRS_SNPP
DET_000328,FAC_014,2026-06-06 19:03:00,22.67964,86.26757,2.18,313.46,64,MODIS_Aqua
DET_000009,FAC_002,2026-06-06 19:10:00,22.79332,86.22106,6.88,311.46,63,VIIRS_NOAA20
DET_000368,FAC_016,2026-06-06 20:51:00,22.8027,86.09449,22.18,323.68,93,VIIRS_SNPP
DET_000812,FAC_029,2026-06-06 21:56:00,22.9055,86.27819,9.15,332.93,72,VIIRS_SNPP
DET_000544,FAC_020,2026-06-07 04:26:00,22.67304,86.08725,4.69,314.39,76,MODIS_Aqua
DET_000370,FAC_016,2026-06-07 05:15:00,22.80374,86.09651,19.9,342.59,78,MODIS_Aqua
DET_000632,FAC_026,2026-06-07 08:38:00,22.9243,86.18062,17.31,323.89,72,MODIS_Aqua
DET_000433,FAC_017,2026-06-07 09:39:00,22.85721,86.1833,2.57,322.91,94,VIIRS_SNPP
DET_000432,FAC_017,2026-06-07 09:39:00,22.85613,86.19132,5.97,307.1,79,VIIRS_NOAA20
DET_000059,FAC_005,2026-06-07 09:46:00,22.73683,86.06432,21.28,331.44,81,MODIS_Terra
DET_000369,FAC_016,2026-06-07 10:40:00,22.80073,86.09598,18.1,335.76,93,MODIS_Terra
DET_000010,FAC_002,2026-06-07 12:19:00,22.79227,86.22238,5.25,312.32,81,MODIS_Aqua
DET_000171,FAC_009,2026-06-07 13:09:00,22.73406,86.13599,12.36,344.54,64,VIIRS_NOAA20
DET_000562,FAC_022,2026-06-07 15:54:00,22.86418,86.12975,9.62,317.28,75,MODIS_Terra
DET_000341,FAC_015,2026-06-07 19:05:00,22.79013,86.09427,8.58,325.43,84,VIIRS_SNPP
DET_000058,FAC_005,2026-06-07 20:28:00,22.74585,86.05854,28.82,344.3,76,VIIRS_SNPP
DET_000563,FAC_022,2026-06-07 23:32:00,22.85537,86.13108,12.26,331.82,90,VIIRS_SNPP
DET_000371,FAC_016,2026-06-08 00:08:00,22.79492,86.09821,18.26,337.43,81,MODIS_Terra
DET_000814,FAC_029,2026-06-08 00:14:00,22.90811,86.27965,19.62,348.77,73,VIIRS_SNPP
DET_000434,FAC_017,2026-06-08 04:19:00,22.85514,86.18749,4.36,311.74,73,VIIRS_NOAA20
DET_000309,FAC_013,2026-06-08 04:43:00,22.70217,86.05756,7.23,309.5,74,VIIRS_NOAA20
DET_000564,FAC_022,2026-06-08 12:59:00,22.86381,86.12828,12.97,319.1,69,MODIS_Aqua
DET_000011,FAC_002,2026-06-08 13:44:00,22.79336,86.21492,11.38,320.54,87,MODIS_Terra
DET_000725,FAC_028,2026-06-08 19:22:00,22.81976,86.10664,28.88,356.34,74,VIIRS_SNPP
DET_000042,FAC_004,2026-06-08 19:26:00,22.81434,86.2151,2.45,317.17,82,VIIRS_NOAA20
DET_000726,FAC_028,2026-06-09 00:54:00,22.82202,86.09973,15.76,330.68,89,VIIRS_NOAA20
DET_000816,FAC_029,2026-06-09 02:26:00,22.90406,86.28067,16.85,331.25,83,VIIRS_NOAA20
DET_000634,FAC_026,2026-06-09 07:12:00,22.9127,86.18382,15.08,324.72,64,MODIS_Terra
DET_000372,FAC_016,2026-06-09 07:35:00,22.79869,86.09391,21.85,344.29,55,VIIRS_NOAA20
DET_000633,FAC_026,2026-06-09 08:03:00,22.91969,86.18889,22.98,341.33,90,VIIRS_NOAA20
DET_000266,FAC_011,2026-06-09 13:18:00,22.88398,86.24979,6.59,329.79,73,VIIRS_NOAA20
DET_000815,FAC_029,2026-06-09 14:02:00,22.90872,86.27309,11.66,333.69,77,VIIRS_NOAA20
DET_000172,FAC_009,2026-06-09 16:46:00,22.73222,86.13765,9.78,343.64,91,VIIRS_SNPP
DET_000435,FAC_017,2026-06-09 16:46:00,22.85936,86.18688,6.7,309.09,68,MODIS_Terra
DET_000060,FAC_005,2026-06-10 06:07:00,22.73437,86.05748,18.46,354.03,82,MODIS_Aqua
DET_000565,FAC_022,2026-06-10 06:26:00,22.85821,86.13526,6.69,318.13,76,VIIRS_NOAA20
DET_000173,FAC_009,2026-06-10 18:33:00,22.73329,86.13508,14.67,326.64,74,MODIS_Terra
DET_000061,FAC_005,2026-06-10 19:56:00,22.74174,86.05453,30.7,358.84,75,MODIS_Aqua
DET_000373,FAC_016,2026-06-11 02:07:00,22.8094,86.10004,20.76,326.89,73,VIIRS_NOAA20
DET_000727,FAC_028,2026-06-11 05:22:00,22.82615,86.10227,22.45,337.08,89,VIIRS_NOAA20
DET_000635,FAC_026,2026-06-11 06:54:00,22.91894,86.18783,18.57,344.6,87,VIIRS_SNPP
DET_000129,FAC_006,2026-06-11 08:32:00,22.78373,86.11285,3.88,315.43,73,VIIRS_SNPP
DET_000232,FAC_010,2026-06-11 14:18:00,22.84528,86.21752,7.02,328.06,82,VIIRS_SNPP
DET_000436,FAC_017,2026-06-11 21:08:00,22.86183,86.18629,5.99,317.84,90,VIIRS_NOAA20
DET_000535,FAC_019,2026-06-11 22:24:00,22.83449,86.15405,4.38,300.98,63,VIIRS_SNPP
DET_000012,FAC_002,2026-06-12 03:39:00,22.78835,86.21918,9.26,321.87,88,MODIS_Terra
DET_000374,FAC_016,2026-06-12 04:19:00,22.79825,86.09045,24.03,344.13,72,VIIRS_NOAA20
DET_000817,FAC_029,2026-06-12 05:06:00,22.91092,86.27805,16.59,342.47,79,MODIS_Terra
DET_000062,FAC_005,2026-06-12 05:28:00,22.74184,86.06481,13.99,353.27,51,MODIS_Terra
DET_000310,FAC_013,2026-06-12 05:44:00,22.70212,86.05288,2.65,305.14,87,VIIRS_NOAA20
DET_000457,FAC_018,2026-06-12 07:21:00,22.76677,86.14224,30.72,352.56,77,VIIRS_NOAA20
DET_000636,FAC_026,2026-06-12 11:35:00,22.91858,86.18634,19.26,332.99,78,MODIS_Aqua
DET_000730,FAC_028,2026-06-12 12:00:00,22.82146,86.09834,25.69,355.37,83,VIIRS_SNPP
DET_000175,FAC_009,2026-06-12 12:11:00,22.73359,86.14076,20.17,349.72,79,VIIRS_SNPP
DET_000566,FAC_022,2026-06-12 13:12:00,22.86138,86.12565,7.54,315.35,75,VIIRS_NOAA20
DET_000174,FAC_009,2026-06-12 14:10:00,22.73764,86.13487,19.63,346.05,54,MODIS_Terra
DET_000063,FAC_005,2026-06-12 14:24:00,22.74576,86.05868,15.84,352.82,77,VIIRS_SNPP
DET_000728,FAC_028,2026-06-12 14:34:00,22.82119,86.10442,23.45,333.16,71,MODIS_Terra
DET_000233,FAC_010,2026-06-12 16:58:00,22.851,86.22194,6.14,328.45,74,VIIRS_SNPP
DET_000729,FAC_028,2026-06-12 20:02:00,22.8272,86.1028,21.85,341.95,80,VIIRS_SNPP
DET_000818,FAC_029,2026-06-13 08:27:00,22.91083,86.27687,20.74,343.54,62,MODIS_Terra
DET_000638,FAC_026,2026-06-13 14:52:00,22.91798,86.18734,20.12,343.7,82,VIIRS_SNPP
DET_000342,FAC_015,2026-06-13 15:05:00,22.79105,86.09255,4.41,327.39,77,MODIS_Terra
DET_000731,FAC_028,2026-06-13 16:31:00,22.82834,86.10488,28.61,335.14,76,VIIRS_NOAA20
DET_000458,FAC_018,2026-06-13 17:36:00,22.76811,86.13769,16.97,351.9,84,VIIRS_SNPP
DET_000637,FAC_026,2026-06-13 18:30:00,22.92053,86.18823,26.02,339.21,76,MODIS_Aqua
DET_000459,FAC_018,2026-06-13 19:06:00,22.76118,86.13644,29.57,349.84,61,MODIS_Aqua
DET_000819,FAC_029,2026-06-13 20:54:00,22.90672,86.27336,16.02,345.45,81,MODIS_Terra
DET_000567,FAC_022,2026-06-13 21:12:00,22.8621,86.12577,12.43,328.81,85,MODIS_Terra
DET_000568,FAC_022,2026-06-14 02:11:00,22.86248,86.13161,9.63,315.72,95,MODIS_Terra
DET_000732,FAC_028,2026-06-14 05:21:00,22.81618,86.10507,26.13,342.22,77,MODIS_Terra
DET_000267,FAC_011,2026-06-14 05:58:00,22.88492,86.2486,12.16,318.72,87,MODIS_Terra
DET_000043,FAC_004,2026-06-14 07:31:00,22.82166,86.21552,6.52,306.19,80,VIIRS_NOAA20
DET_000569,FAC_022,2026-06-14 08:56:00,22.86072,86.12806,10.67,332.11,77,MODIS_Aqua
DET_000460,FAC_018,2026-06-14 11:07:00,22.76283,86.13856,24.47,359.77,80,MODIS_Aqua
DET_000268,FAC_011,2026-06-14 11:29:00,22.88265,86.24818,10.89,321.85,81,MODIS_Aqua
DET_000064,FAC_005,2026-06-14 13:22:00,22.74154,86.06191,23.61,355.7,59,MODIS_Terra
DET_000684,FAC_027,2026-06-14 16:18:00,22.71164,86.14433,10.51,326.63,76,VIIRS_SNPP
DET_000438,FAC_017,2026-06-14 20:12:00,22.86115,86.17908,9.1,310.85,86,VIIRS_NOAA20
DET_000570,FAC_022,2026-06-14 22:52:00,22.86261,86.13062,9.2,317.62,100,VIIRS_SNPP
DET_000683,FAC_027,2026-06-14 23:16:00,22.70874,86.14191,9.03,326.35,86,MODIS_Terra
DET_000437,FAC_017,2026-06-14 23:57:00,22.85056,86.18371,4.64,318.2,89,MODIS_Terra
DET_000640,FAC_026,2026-06-15 00:25:00,22.91834,86.18677,20.96,335.13,66,VIIRS_SNPP
DET_000571,FAC_022,2026-06-15 07:33:00,22.86136,86.1266,8.44,333.61,57,MODIS_Terra
DET_000176,FAC_009,2026-06-15 08:20:00,22.74014,86.13794,10.17,335.63,83,VIIRS_NOAA20
DET_000733,FAC_028,2026-06-15 09:56:00,22.829,86.09885,23.41,351.05,77,VIIRS_SNPP
DET_000639,FAC_026,2026-06-15 11:32:00,22.92338,86.18884,25.42,320.53,91,MODIS_Aqua
DET_000269,FAC_011,2026-06-15 13:13:00,22.88716,86.25285,8.38,329.22,73,VIIRS_SNPP
DET_000461,FAC_018,2026-06-15 14:17:00,22.76814,86.14244,21.76,340.55,61,VIIRS_NOAA20
DET_000152,FAC_008,2026-06-15 14:23:00,22.72139,86.06781,2.15,310.44,60,MODIS_Terra
DET_000375,FAC_016,2026-06-15 14:40:00,22.80616,86.09553,21.76,333.56,79,VIIRS_NOAA20
DET_000439,FAC_017,2026-06-15 22:03:00,22.86184,86.18299,6.46,313.29,77,VIIRS_NOAA20
DET_000685,FAC_027,2026-06-16 03:45:00,22.70578,86.13429,10.64,317.25,72,MODIS_Terra
DET_000642,FAC_026,2026-06-16 07:36:00,22.92387,86.18561,18.85,328.76,65,VIIRS_SNPP
DET_000641,FAC_026,2026-06-16 10:39:00,22.92189,86.18615,16.98,320.04,85,MODIS_Terra
DET_000871,FAC_030,2026-06-16 18:38:00,22.86776,86.1791,3.88,310.47,86,MODIS_Terra
DET_000573,FAC_022,2026-06-16 19:12:00,22.8609,86.12279,7.61,332.19,84,MODIS_Terra
DET_000343,FAC_015,2026-06-16 19:21:00,22.78355,86.10395,6.79,316.02,72,VIIRS_SNPP
DET_000572,FAC_022,2026-06-16 20:21:00,22.8617,86.12982,9.63,325.89,70,VIIRS_NOAA20
DET_000177,FAC_009,2026-06-17 01:04:00,22.73706,86.14102,13.26,328.69,100,MODIS_Terra
DET_000440,FAC_017,2026-06-17 01:32:00,22.86011,86.18502,6.83,318.67,62,VIIRS_NOAA20
DET_000311,FAC_013,2026-06-17 03:17:00,22.70271,86.05506,5.21,312.53,64,VIIRS_SNPP
DET_000545,FAC_020,2026-06-17 07:54:00,22.67756,86.08371,3.4,310.09,65,MODIS_Terra
DET_000643,FAC_026,2026-06-17 10:12:00,22.92451,86.18964,16.48,329.26,79,VIIRS_SNPP
DET_000065,FAC_005,2026-06-17 11:50:00,22.74031,86.05471,21.69,353.07,100,MODIS_Aqua
DET_000178,FAC_009,2026-06-17 13:53:00,22.73582,86.13912,11.16,325.46,55,MODIS_Aqua
DET_000734,FAC_028,2026-06-17 13:58:00,22.82489,86.10255,26.7,354.1,86,VIIRS_SNPP
DET_000644,FAC_026,2026-06-17 22:11:00,22.92241,86.18551,23.61,336.52,100,MODIS_Aqua
DET_000344,FAC_015,2026-06-18 01:56:00,22.78987,86.09317,8.02,326.15,69,VIIRS_NOAA20
DET_000872,FAC_030,2026-06-18 02:25:00,22.87005,86.18292,6.72,319.58,79,MODIS_Terra
DET_000574,FAC_022,2026-06-18 02:54:00,22.86429,86.13444,8.88,326.58,93,VIIRS_NOAA20
DET_000234,FAC_010,2026-06-18 03:49:00,22.84656,86.22028,9.69,320.1,74,MODIS_Aqua
DET_000820,FAC_029,2026-06-18 13:10:00,22.9054,86.28116,17.26,349.01,59,VIIRS_SNPP
DET_000620,FAC_025,2026-06-18 14:40:00,22.73367,86.08735,2.42,303.98,82,VIIRS_SNPP
DET_000735,FAC_028,2026-06-18 19:18:00,22.82837,86.10846,25.7,331.72,84,MODIS_Aqua
DET_000645,FAC_026,2026-06-19 03:24:00,22.92097,86.18574,22.51,337.05,67,VIIRS_SNPP
DET_000068,FAC_005,2026-06-19 03:52:00,22.74072,86.05618,23.83,350.07,69,VIIRS_SNPP
DET_000376,FAC_016,2026-06-19 05:05:00,22.80234,86.09897,20.21,320.26,88,VIIRS_NOAA20
DET_000270,FAC_011,2026-06-19 09:00:00,22.8824,86.24853,6.8,330.69,87,VIIRS_SNPP
DET_000313,FAC_013,2026-06-19 09:05:00,22.69583,86.05357,6.03,316.27,58,MODIS_Aqua
DET_000377,FAC_016,2026-06-19 12:33:00,22.79925,86.09886,20.05,337.31,53,MODIS_Terra
DET_000441,FAC_017,2026-06-19 15:49:00,22.85605,86.18285,4.21,322.84,62,VIIRS_SNPP
DET_000131,FAC_006,2026-06-19 15:52:00,22.78972,86.11455,1.45,319.57,71,VIIRS_SNPP
DET_000130,FAC_006,2026-06-19 16:00:00,22.77785,86.11996,1.33,300.13,70,MODIS_Aqua
DET_000066,FAC_005,2026-06-19 16:39:00,22.74146,86.05859,19.3,343.88,83,VIIRS_SNPP
DET_000312,FAC_013,2026-06-19 17:26:00,22.69702,86.05288,5.33,317.85,88,MODIS_Aqua
DET_000462,FAC_018,2026-06-19 18:49:00,22.76176,86.14377,12.62,336.5,88,VIIRS_NOAA20
DET_000067,FAC_005,2026-06-19 22:28:00,22.74272,86.05705,28.86,330.32,78,VIIRS_SNPP
DET_000736,FAC_028,2026-06-20 05:15:00,22.82695,86.10318,30.25,348.09,84,VIIRS_SNPP
DET_000314,FAC_013,2026-06-20 06:53:00,22.70314,86.06217,7.81,306.65,91,MODIS_Aqua
DET_000737,FAC_028,2026-06-20 14:36:00,22.8302,86.10636,18.83,350.3,87,VIIRS_SNPP
DET_000873,FAC_030,2026-06-20 15:16:00,22.8655,86.18749,4.92,307.87,77,MODIS_Aqua
DET_000013,FAC_002,2026-06-20 23:55:00,22.79391,86.22045,11.86,311.68,94,VIIRS_SNPP
DET_000378,FAC_016,2026-06-21 02:35:00,22.80071,86.09932,12.51,344.23,73,VIIRS_SNPP
DET_000235,FAC_010,2026-06-21 02:38:00,22.84683,86.22075,9.8,328.5,76,VIIRS_NOAA20
DET_000379,FAC_016,2026-06-21 06:04:00,22.80384,86.09356,17.95,340.72,88,VIIRS_NOAA20
DET_000271,FAC_011,2026-06-21 13:31:00,22.88491,86.25122,13.97,328.16,80,VIIRS_SNPP
DET_000179,FAC_009,2026-06-21 15:31:00,22.73691,86.14172,16.18,347.52,70,VIIRS_NOAA20
DET_000821,FAC_029,2026-06-21 18:43:00,22.91216,86.27232,14.69,331.58,58,MODIS_Terra
DET_000738,FAC_028,2026-06-21 18:49:00,22.82263,86.10106,18.89,337.1,67,MODIS_Terra
DET_000608,FAC_023,2026-06-21 19:59:00,22.94381,86.28709,1.27,316.72,74,VIIRS_NOAA20
DET_000463,FAC_018,2026-06-21 20:29:00,22.77041,86.13343,23.38,331.1,58,MODIS_Terra
DET_000739,FAC_028,2026-06-21 22:41:00,22.82161,86.09954,21.66,333.4,74,VIIRS_SNPP
DET_000014,FAC_002,2026-06-22 00:20:00,22.79031,86.21758,8.5,316.02,73,VIIRS_NOAA20
DET_000575,FAC_022,2026-06-22 00:21:00,22.86147,86.13384,8.86,327.73,84,VIIRS_NOAA20
DET_000380,FAC_016,2026-06-22 02:44:00,22.79829,86.09526,17.55,327.2,75,VIIRS_NOAA20
DET_000070,FAC_005,2026-06-22 03:58:00,22.74252,86.05572,21.86,359.94,62,VIIRS_SNPP
DET_000822,FAC_029,2026-06-22 04:21:00,22.90792,86.2736,19.45,338.08,73,VIIRS_SNPP
DET_000345,FAC_015,2026-06-22 17:47:00,22.78982,86.09763,4.89,312.61,99,MODIS_Aqua
DET_000069,FAC_005,2026-06-22 21:13:00,22.7414,86.0585,22.62,343.92,75,VIIRS_NOAA20
DET_000464,FAC_018,2026-06-22 22:30:00,22.76619,86.13604,24.92,354.65,83,VIIRS_SNPP
DET_000272,FAC_011,2026-06-23 02:43:00,22.88848,86.24923,13.12,321.88,61,VIIRS_SNPP
DET_000132,FAC_006,2026-06-23 02:56:00,22.7782,86.10766,4.3,309.34,55,MODIS_Aqua
DET_000381,FAC_016,2026-06-23 03:04:00,22.80219,86.09864,27.76,341.36,53,MODIS_Terra
DET_000546,FAC_020,2026-06-23 08:49:00,22.67281,86.08479,1.98,324.59,77,VIIRS_SNPP
DET_000382,FAC_016,2026-06-23 10:16:00,22.80061,86.09039,14.67,343.33,83,VIIRS_SNPP
DET_000465,FAC_018,2026-06-23 10:28:00,22.75865,86.14368,28.4,344.78,74,MODIS_Aqua
DET_000646,FAC_026,2026-06-23 10:33:00,22.92254,86.18545,17.79,334.36,76,VIIRS_NOAA20
DET_000015,FAC_002,2026-06-23 12:04:00,22.78806,86.21805,9.77,310.67,79,VIIRS_NOAA20
DET_000383,FAC_016,2026-06-23 12:09:00,22.80146,86.09668,16.17,339.75,50,VIIRS_NOAA20
DET_000016,FAC_002,2026-06-23 15:33:00,22.79296,86.22087,8.64,315.22,98,VIIRS_NOAA20
DET_000647,FAC_026,2026-06-23 22:14:00,22.91791,86.18688,15.61,329.73,100,MODIS_Terra
DET_000071,FAC_005,2026-06-24 03:25:00,22.73928,86.06084,18.87,346.49,53,MODIS_Aqua
DET_000648,FAC_026,2026-06-24 09:06:00,22.92483,86.18782,16.77,337.68,86,MODIS_Aqua
DET_000273,FAC_011,2026-06-24 09:24:00,22.88582,86.25083,12.36,322.28,71,MODIS_Aqua
DET_000467,FAC_018,2026-06-24 12:10:00,22.76357,86.13798,27.68,358.13,92,VIIRS_SNPP
DET_000466,FAC_018,2026-06-24 20:52:00,22.76486,86.13998,26.43,345.61,98,VIIRS_SNPP
DET_000547,FAC_020,2026-06-24 21:31:00,22.67319,86.08942,5.46,317.02,81,VIIRS_SNPP
DET_000740,FAC_028,2026-06-24 22:33:00,22.822,86.09962,23.73,344.64,87,MODIS_Aqua
DET_000385,FAC_016,2026-06-25 03:57:00,22.80072,86.09884,20.93,335.04,87,VIIRS_NOAA20
DET_000823,FAC_029,2026-06-25 07:43:00,22.90622,86.27341,18.42,328.82,69,MODIS_Aqua
DET_000824,FAC_029,2026-06-25 11:01:00,22.90849,86.28105,10.08,343.5,80,VIIRS_NOAA20
DET_000180,FAC_009,2026-06-25 11:13:00,22.73851,86.14133,15.88,345.55,83,MODIS_Terra
DET_000741,FAC_028,2026-06-25 12:32:00,22.82165,86.10214,22.66,335.13,76,MODIS_Aqua
DET_000236,FAC_010,2026-06-25 12:44:00,22.84991,86.21586,8.47,315.76,77,MODIS_Terra
DET_000649,FAC_026,2026-06-25 15:21:00,22.9247,86.19269,23.89,323.21,78,VIIRS_SNPP
DET_000384,FAC_016,2026-06-25 20:49:00,22.79988,86.09374,23.65,340.01,66,VIIRS_SNPP
DET_000555,FAC_021,2026-06-25 21:19:00,22.93878,86.32187,1.44,317.69,62,MODIS_Aqua
DET_000044,FAC_004,2026-06-25 23:24:00,22.8126,86.21637,3.47,309.45,87,MODIS_Terra
DET_000470,FAC_018,2026-06-26 02:02:00,22.763,86.14602,31.43,335.87,80,VIIRS_NOAA20
DET_000182,FAC_009,2026-06-26 02:45:00,22.73551,86.13982,22.13,338.62,67,MODIS_Aqua
DET_000825,FAC_029,2026-06-26 03:02:00,22.90542,86.2777,19.99,338.44,85,VIIRS_SNPP
DET_000469,FAC_018,2026-06-26 03:57:00,22.76721,86.13916,25.95,345.75,70,MODIS_Aqua
DET_000614,FAC_024,2026-06-26 05:18:00,22.86172,86.1831,3.66,301.58,84,MODIS_Aqua
DET_000468,FAC_018,2026-06-26 09:17:00,22.76237,86.13574,27.75,344.03,85,VIIRS_SNPP
DET_000045,FAC_004,2026-06-26 09:18:00,22.81242,86.21631,3.6,308.57,89,VIIRS_SNPP
DET_000181,FAC_009,2026-06-26 13:16:00,22.73159,86.13602,13.28,341.05,96,MODIS_Aqua
DET_000874,FAC_030,2026-06-26 15:10:00,22.86576,86.18572,7.43,306.73,76,MODIS_Aqua
DET_000346,FAC_015,2026-06-26 17:42:00,22.78581,86.09767,10.91,317.85,93,MODIS_Terra
DET_000183,FAC_009,2026-06-26 19:24:00,22.7285,86.14101,20.21,348.72,62,MODIS_Aqua
DET_000742,FAC_028,2026-06-26 19:52:00,22.82077,86.1034,20.16,350.33,76,VIIRS_SNPP
DET_000826,FAC_029,2026-06-26 20:31:00,22.91048,86.27628,21.63,325.97,86,MODIS_Aqua
DET_000072,FAC_005,2026-06-26 22:53:00,22.74021,86.06096,19.38,331.44,70,MODIS_Aqua
DET_000184,FAC_009,2026-06-27 00:26:00,22.73441,86.14231,14.18,328.98,100,MODIS_Terra
DET_000471,FAC_018,2026-06-27 00:56:00,22.76441,86.14097,15.78,347.89,56,MODIS_Terra
DET_000744,FAC_028,2026-06-27 01:23:00,22.82437,86.10226,18.28,337.31,60,VIIRS_SNPP
DET_000577,FAC_022,2026-06-27 02:20:00,22.8606,86.12702,12.53,329.89,64,VIIRS_SNPP
DET_000386,FAC_016,2026-06-27 02:45:00,22.7935,86.09635,13.28,320.81,85,VIIRS_SNPP
DET_000556,FAC_021,2026-06-27 05:34:00,22.93577,86.32062,4.03,313.3,91,VIIRS_NOAA20
DET_000557,FAC_021,2026-06-27 07:53:00,22.9331,86.32359,2.72,313.9,78,MODIS_Terra
DET_000745,FAC_028,2026-06-27 08:49:00,22.82637,86.10047,27.6,339.3,68,MODIS_Aqua
DET_000576,FAC_022,2026-06-27 09:34:00,22.86613,86.1216,8.36,332.6,69,VIIRS_NOAA20
DET_000743,FAC_028,2026-06-27 09:39:00,22.82551,86.10395,14.6,346.36,81,VIIRS_SNPP
DET_000609,FAC_023,2026-06-27 09:49:00,22.94261,86.28769,4.33,312.3,78,MODIS_Terra
DET_000073,FAC_005,2026-06-27 15:23:00,22.73802,86.05815,29.14,348.76,76,MODIS_Aqua
DET_000274,FAC_011,2026-06-27 17:30:00,22.88747,86.2539,9.33,325.58,71,MODIS_Aqua
DET_000017,FAC_002,2026-06-28 14:41:00,22.79515,86.21801,5.5,318.13,64,MODIS_Terra
DET_000075,FAC_005,2026-06-28 15:42:00,22.74355,86.06002,23.01,336.77,84,MODIS_Terra
DET_000237,FAC_010,2026-06-28 16:30:00,22.84528,86.21965,8.77,327.1,93,VIIRS_NOAA20
DET_000387,FAC_016,2026-06-28 17:04:00,22.80364,86.10023,18.35,320.66,79,VIIRS_NOAA20
DET_000578,FAC_022,2026-06-28 18:14:00,22.85976,86.13493,13.43,329.41,70,VIIRS_SNPP
DET_000827,FAC_029,2026-06-28 20:00:00,22.90471,86.27997,11.85,339.19,89,MODIS_Terra
DET_000472,FAC_018,2026-06-28 20:56:00,22.76704,86.1392,22.32,333.95,75,MODIS_Terra
DET_000035,FAC_003,2026-06-28 21:18:00,22.88091,86.23911,1.66,304.81,65,MODIS_Terra
DET_000074,FAC_005,2026-06-28 23:42:00,22.74235,86.05872,29.78,343.08,73,MODIS_Terra
DET_000579,FAC_022,2026-06-29 04:10:00,22.86313,86.13274,6.29,318.25,100,MODIS_Aqua
DET_000746,FAC_028,2026-06-29 08:16:00,22.82679,86.09516,18.52,352.54,75,VIIRS_SNPP
DET_000473,FAC_018,2026-06-29 12:20:00,22.765,86.14884,24.31,358.28,57,MODIS_Aqua
DET_000875,FAC_030,2026-06-29 12:22:00,22.86659,86.17794,7.23,307.56,77,VIIRS_SNPP
DET_000747,FAC_028,2026-06-29 16:25:00,22.81967,86.10749,16.16,336.96,84,MODIS_Terra
DET_000036,FAC_003,2026-06-29 17:24:00,22.88281,86.23663,2.74,317.99,58,MODIS_Terra
DET_000581,FAC_022,2026-06-29 17:52:00,22.8583,86.13127,10.15,330.98,76,VIIRS_SNPP
DET_000018,FAC_002,2026-06-29 18:46:00,22.79125,86.22022,10.25,318.38,84,MODIS_Terra
DET_000474,FAC_018,2026-06-29 19:10:00,22.75927,86.14289,19.14,349.29,85,VIIRS_SNPP
DET_000580,FAC_022,2026-06-29 19:45:00,22.8588,86.12831,9.75,327.27,65,MODIS_Aqua
DET_000686,FAC_027,2026-06-29 23:21:00,22.70941,86.14216,6.92,329.36,100,VIIRS_SNPP
DET_000475,FAC_018,2026-06-30 02:14:00,22.76596,86.13792,19.41,337.3,75,MODIS_Terra
DET_000238,FAC_010,2026-06-30 04:56:00,22.8493,86.2168,7.44,314.08,66,MODIS_Aqua
DET_000615,FAC_024,2026-06-30 05:07:00,22.85987,86.18544,3.85,316.48,83,VIIRS_SNPP
DET_000388,FAC_016,2026-06-30 11:32:00,22.79306,86.09169,14.76,331.89,86,MODIS_Terra
DET_000019,FAC_002,2026-06-30 13:34:00,22.79105,86.21776,7.05,314.88,86,VIIRS_SNPP
DET_000389,FAC_016,2026-06-30 22:28:00,22.79675,86.09756,15.03,340.11,84,MODIS_Terra
DET_000185,FAC_009,2026-06-30 22:59:00,22.73736,86.13854,18.53,326.19,83,VIIRS_NOAA20
DET_000275,FAC_011,2026-07-01 00:27:00,22.88531,86.2474,7.99,330.2,83,VIIRS_SNPP
DET_000390,FAC_016,2026-07-01 03:20:00,22.80243,86.09893,9.94,338.31,66,VIIRS_NOAA20
DET_000186,FAC_009,2026-07-01 08:05:00,22.73036,86.13941,19.35,328.37,73,VIIRS_SNPP
DET_000687,FAC_027,2026-07-01 09:43:00,22.71295,86.14357,8.99,328.37,67,MODIS_Terra
DET_000315,FAC_013,2026-07-01 14:38:00,22.6974,86.05504,4.1,306.33,77,VIIRS_SNPP
DET_000239,FAC_010,2026-07-01 20:06:00,22.84549,86.21878,10.05,312.68,69,VIIRS_NOAA20
DET_000582,FAC_022,2026-07-01 22:36:00,22.85925,86.12853,10.4,325.69,87,VIIRS_NOAA20
DET_000877,FAC_030,2026-07-02 00:46:00,22.86561,86.1834,4.67,312.04,72,MODIS_Aqua
DET_000616,FAC_024,2026-07-02 01:06:00,22.86531,86.18855,4.52,300.3,96,VIIRS_SNPP
DET_000748,FAC_028,2026-07-02 02:22:00,22.81806,86.10219,20.48,337.73,67,VIIRS_SNPP
DET_000276,FAC_011,2026-07-02 03:33:00,22.88364,86.25676,9.77,331.62,84,MODIS_Aqua
DET_000477,FAC_018,2026-07-02 08:44:00,22.76214,86.13833,22.88,351.55,73,MODIS_Aqua
DET_000876,FAC_030,2026-07-02 09:21:00,22.86759,86.1749,5.8,306.58,81,VIIRS_SNPP
DET_000478,FAC_018,2026-07-02 14:13:00,22.76457,86.13892,16.95,339.81,91,VIIRS_SNPP
DET_000076,FAC_005,2026-07-02 16:34:00,22.74013,86.06099,18.52,344.39,65,VIIRS_SNPP
DET_000476,FAC_018,2026-07-02 18:13:00,22.76641,86.13805,17.41,331.4,83,VIIRS_NOAA20
DET_000391,FAC_016,2026-07-02 21:30:00,22.79656,86.0959,18.8,330.01,91,MODIS_Terra
DET_000442,FAC_017,2026-07-02 22:36:00,22.86315,86.18614,5.7,316.59,82,VIIRS_NOAA20
DET_000650,FAC_026,2026-07-02 23:36:00,22.91997,86.18656,19.04,331.34,96,MODIS_Terra
DET_000828,FAC_029,2026-07-03 00:18:00,22.90723,86.2797,11.69,341.43,99,MODIS_Aqua
DET_000651,FAC_026,2026-07-03 01:43:00,22.92889,86.19037,26.36,338.79,55,VIIRS_NOAA20
DET_000392,FAC_016,2026-07-03 03:56:00,22.80055,86.09397,18.62,332.57,63,MODIS_Aqua
DET_000393,FAC_016,2026-07-03 06:08:00,22.79851,86.09753,21.18,341.36,96,MODIS_Terra
DET_000187,FAC_009,2026-07-03 06:15:00,22.72944,86.1451,14.2,337.47,85,MODIS_Terra
DET_000481,FAC_018,2026-07-03 06:43:00,22.76203,86.14038,17.23,348.66,92,MODIS_Terra
DET_000479,FAC_018,2026-07-03 08:17:00,22.76255,86.13476,21.18,344.72,77,VIIRS_NOAA20
DET_000240,FAC_010,2026-07-03 09:18:00,22.8471,86.21843,11.01,317.24,75,MODIS_Terra
DET_000480,FAC_018,2026-07-03 16:49:00,22.7629,86.1367,26.99,333.46,74,MODIS_Aqua
DET_000077,FAC_005,2026-07-03 23:35:00,22.74198,86.06078,29.26,338.59,65,VIIRS_SNPP
DET_000750,FAC_028,2026-07-04 08:31:00,22.82932,86.10496,23.95,359.63,92,MODIS_Aqua
DET_000482,FAC_018,2026-07-04 10:27:00,22.76004,86.14752,25.38,331.81,93,VIIRS_NOAA20
DET_000749,FAC_028,2026-07-04 17:14:00,22.82212,86.10681,14.97,344.86,80,VIIRS_SNPP
DET_000583,FAC_022,2026-07-04 17:50:00,22.86166,86.1333,12.9,322.46,85,MODIS_Aqua
DET_000020,FAC_002,2026-07-04 18:47:00,22.79146,86.22417,7.7,328.34,68,MODIS_Terra
DET_000277,FAC_011,2026-07-04 19:18:00,22.88393,86.24944,13.34,330.44,74,MODIS_Terra
DET_000584,FAC_022,2026-07-04 22:52:00,22.85987,86.12827,8.83,319.91,57,MODIS_Aqua
DET_000329,FAC_014,2026-07-05 01:13:00,22.67875,86.2646,4.8,302.97,97,MODIS_Terra
DET_000484,FAC_018,2026-07-05 02:29:00,22.76102,86.14173,19.13,356.49,94,MODIS_Aqua
DET_000241,FAC_010,2026-07-05 04:16:00,22.85048,86.21598,11.02,326.22,75,VIIRS_SNPP
DET_000483,FAC_018,2026-07-05 04:20:00,22.76325,86.13553,26.47,339.93,63,MODIS_Terra
DET_000751,FAC_028,2026-07-05 08:05:00,22.81966,86.106,23.76,335.65,86,VIIRS_SNPP
DET_000188,FAC_009,2026-07-05 09:27:00,22.73036,86.13723,18.08,342.07,68,MODIS_Aqua
DET_000585,FAC_022,2026-07-05 11:26:00,22.85632,86.13784,8.0,327.17,65,MODIS_Aqua
DET_000242,FAC_010,2026-07-05 16:21:00,22.84875,86.21792,9.01,316.53,75,MODIS_Terra
DET_000829,FAC_029,2026-07-05 18:43:00,22.90937,86.27525,16.84,327.11,86,MODIS_Aqua
DET_000316,FAC_013,2026-07-05 19:50:00,22.69538,86.05842,5.38,322.4,93,VIIRS_NOAA20
DET_000021,FAC_002,2026-07-05 21:20:00,22.79112,86.22427,9.42,324.04,81,VIIRS_NOAA20
DET_000586,FAC_022,2026-07-06 01:29:00,22.8578,86.1352,14.16,322.44,89,VIIRS_NOAA20
DET_000753,FAC_028,2026-07-06 02:30:00,22.82209,86.10235,22.95,359.06,53,MODIS_Aqua
DET_000079,FAC_005,2026-07-06 03:41:00,22.73983,86.06154,14.6,348.89,62,MODIS_Terra
DET_000752,FAC_028,2026-07-06 11:51:00,22.82115,86.10493,19.66,358.08,69,MODIS_Terra
DET_000394,FAC_016,2026-07-06 12:03:00,22.79769,86.09794,19.75,324.73,75,MODIS_Aqua
DET_000080,FAC_005,2026-07-06 17:01:00,22.74484,86.05753,27.99,350.68,66,MODIS_Aqua
DET_000688,FAC_027,2026-07-06 17:28:00,22.71346,86.13984,11.02,325.46,76,MODIS_Terra
DET_000536,FAC_019,2026-07-06 20:03:00,22.83738,86.15245,4.66,308.91,63,VIIRS_SNPP
DET_000652,FAC_026,2026-07-06 20:34:00,22.92487,86.18982,17.82,324.3,66,VIIRS_SNPP
DET_000621,FAC_025,2026-07-06 22:59:00,22.72743,86.07476,5.05,312.51,64,VIIRS_NOAA20
DET_000078,FAC_005,2026-07-06 23:28:00,22.74178,86.06205,25.67,336.78,75,VIIRS_SNPP
DET_000755,FAC_028,2026-07-07 00:33:00,22.82425,86.10612,18.54,333.28,81,MODIS_Aqua
DET_000083,FAC_005,2026-07-07 01:02:00,22.73874,86.05977,20.99,352.44,81,MODIS_Aqua
DET_000485,FAC_018,2026-07-07 10:23:00,22.76189,86.14176,25.03,347.99,75,MODIS_Aqua
DET_000486,FAC_018,2026-07-07 13:48:00,22.76366,86.14491,15.99,332.87,82,VIIRS_SNPP
DET_000082,FAC_005,2026-07-07 15:53:00,22.73297,86.05689,21.04,333.82,71,MODIS_Aqua
DET_000081,FAC_005,2026-07-07 18:22:00,22.74445,86.05688,21.17,355.47,64,MODIS_Terra
DET_000830,FAC_029,2026-07-07 23:07:00,22.90847,86.27967,14.59,346.48,79,MODIS_Terra
DET_000754,FAC_028,2026-07-07 23:15:00,22.82251,86.09937,14.69,353.21,67,VIIRS_NOAA20
DET_000548,FAC_020,2026-07-08 00:46:00,22.67445,86.08479,2.82,316.89,56,MODIS_Aqua
DET_000395,FAC_016,2026-07-08 05:11:00,22.80106,86.09503,22.6,335.22,86,VIIRS_SNPP
DET_000084,FAC_005,2026-07-08 05:33:00,22.73718,86.05619,32.94,347.77,65,MODIS_Terra
DET_000587,FAC_022,2026-07-08 05:47:00,22.86031,86.134,12.26,317.45,78,MODIS_Aqua
DET_000831,FAC_029,2026-07-08 05:53:00,22.90459,86.2757,17.86,344.43,71,VIIRS_SNPP
DET_000153,FAC_008,2026-07-08 06:34:00,22.72215,86.07329,5.16,308.46,87,MODIS_Aqua
DET_000279,FAC_011,2026-07-08 12:11:00,22.8856,86.25114,13.39,325.29,59,VIIRS_SNPP
DET_000756,FAC_028,2026-07-08 13:36:00,22.82468,86.09531,24.7,341.36,84,VIIRS_NOAA20
DET_000347,FAC_015,2026-07-08 14:42:00,22.78882,86.09748,6.24,313.17,62,MODIS_Aqua
DET_000689,FAC_027,2026-07-08 15:57:00,22.7084,86.14297,10.13,314.96,67,MODIS_Terra
DET_000757,FAC_028,2026-07-08 16:08:00,22.81954,86.10825,25.33,352.54,74,MODIS_Aqua
DET_000278,FAC_011,2026-07-08 22:59:00,22.89068,86.24525,6.27,334.52,64,MODIS_Terra
DET_000397,FAC_016,2026-07-09 06:19:00,22.80442,86.09497,23.45,338.8,77,MODIS_Aqua
DET_000280,FAC_011,2026-07-09 07:33:00,22.89052,86.24964,11.08,331.64,70,MODIS_Aqua
DET_000396,FAC_016,2026-07-09 07:53:00,22.79753,86.0927,11.53,343.97,83,VIIRS_SNPP
DET_000190,FAC_009,2026-07-09 09:55:00,22.73649,86.13698,13.19,349.12,76,MODIS_Terra
DET_000189,FAC_009,2026-07-09 13:10:00,22.73284,86.13937,17.39,330.37,79,MODIS_Terra
DET_000085,FAC_005,2026-07-09 16:01:00,22.73509,86.05809,25.86,335.1,87,VIIRS_SNPP
DET_000398,FAC_016,2026-07-10 03:09:00,22.79837,86.0988,21.26,328.35,72,VIIRS_NOAA20
DET_000487,FAC_018,2026-07-10 03:40:00,22.7623,86.139,16.86,333.31,86,VIIRS_SNPP
DET_000549,FAC_020,2026-07-10 03:54:00,22.6777,86.09177,6.33,323.07,66,VIIRS_SNPP
DET_000086,FAC_005,2026-07-10 03:55:00,22.73449,86.06249,17.14,358.66,71,MODIS_Terra
DET_000653,FAC_026,2026-07-10 05:30:00,22.92179,86.18711,22.77,333.89,76,VIIRS_SNPP
DET_000022,FAC_002,2026-07-10 08:41:00,22.78975,86.21826,10.21,314.83,71,MODIS_Aqua
DET_000192,FAC_009,2026-07-10 10:10:00,22.73353,86.13607,10.78,343.02,88,MODIS_Terra
DET_000283,FAC_011,2026-07-10 11:04:00,22.88382,86.24745,8.98,316.48,66,MODIS_Terra
DET_000088,FAC_005,2026-07-10 15:44:00,22.74092,86.06183,17.18,350.12,63,MODIS_Terra
DET_000089,FAC_005,2026-07-10 18:31:00,22.73999,86.05889,16.86,346.1,56,VIIRS_SNPP
DET_000282,FAC_011,2026-07-10 18:54:00,22.88583,86.24385,12.91,322.33,61,MODIS_Aqua
DET_000191,FAC_009,2026-07-10 19:16:00,22.73302,86.13371,20.85,335.43,69,VIIRS_SNPP
DET_000281,FAC_011,2026-07-10 19:52:00,22.88664,86.25061,12.7,315.16,68,MODIS_Aqua
DET_000588,FAC_022,2026-07-10 20:16:00,22.85829,86.12836,7.93,329.96,84,MODIS_Aqua
DET_000087,FAC_005,2026-07-10 21:47:00,22.74434,86.05673,23.99,346.8,100,MODIS_Terra
DET_000878,FAC_030,2026-07-10 22:12:00,22.86719,86.18069,3.2,321.51,76,VIIRS_NOAA20
DET_000091,FAC_005,2026-07-11 03:11:00,22.74161,86.05466,25.79,332.28,70,MODIS_Terra
DET_000758,FAC_028,2026-07-11 04:09:00,22.82203,86.10537,31.79,353.44,72,VIIRS_NOAA20
DET_000193,FAC_009,2026-07-11 04:17:00,22.73408,86.13468,21.3,343.68,90,MODIS_Terra
DET_000317,FAC_013,2026-07-11 04:41:00,22.69609,86.05268,2.86,324.85,71,MODIS_Terra
DET_000759,FAC_028,2026-07-11 06:01:00,22.82456,86.09936,19.6,350.15,86,VIIRS_NOAA20
DET_000690,FAC_027,2026-07-11 14:44:00,22.71161,86.14104,12.17,323.6,69,MODIS_Aqua
DET_000832,FAC_029,2026-07-11 15:38:00,22.90603,86.27812,16.67,329.58,83,VIIRS_NOAA20
DET_000023,FAC_002,2026-07-11 17:14:00,22.79277,86.22039,9.0,319.13,67,VIIRS_SNPP
DET_000488,FAC_018,2026-07-11 20:29:00,22.76679,86.1335,22.99,352.85,81,VIIRS_NOAA20
DET_000090,FAC_005,2026-07-11 21:06:00,22.73995,86.06112,25.68,342.5,89,VIIRS_SNPP
DET_000092,FAC_005,2026-07-12 03:43:00,22.74259,86.05638,20.95,353.21,85,MODIS_Terra
DET_000195,FAC_009,2026-07-12 06:41:00,22.73308,86.13652,10.55,334.12,69,VIIRS_NOAA20
DET_000093,FAC_005,2026-07-12 08:23:00,22.7439,86.06206,23.66,345.68,73,MODIS_Terra
DET_000489,FAC_018,2026-07-12 08:44:00,22.76541,86.14213,24.46,345.19,70,VIIRS_SNPP
DET_000760,FAC_028,2026-07-12 09:05:00,22.82379,86.1022,23.49,340.85,83,MODIS_Terra
DET_000537,FAC_019,2026-07-12 09:52:00,22.84702,86.15797,2.81,300.74,73,VIIRS_NOAA20
DET_000833,FAC_029,2026-07-12 10:58:00,22.90213,86.27456,10.81,327.44,63,VIIRS_NOAA20
DET_000196,FAC_009,2026-07-12 11:54:00,22.7339,86.13386,12.37,336.43,83,VIIRS_SNPP
DET_000835,FAC_029,2026-07-12 12:28:00,22.90498,86.27821,14.19,335.42,71,VIIRS_SNPP
DET_000194,FAC_009,2026-07-12 15:48:00,22.72768,86.13581,17.09,325.27,66,VIIRS_NOAA20
DET_000834,FAC_029,2026-07-12 17:32:00,22.90401,86.27617,16.09,346.2,72,VIIRS_NOAA20
DET_000243,FAC_010,2026-07-12 18:36:00,22.85014,86.21473,7.99,326.42,59,MODIS_Aqua
DET_000037,FAC_003,2026-07-13 07:35:00,22.87601,86.24345,3.03,316.85,88,VIIRS_SNPP
DET_000490,FAC_018,2026-07-13 11:31:00,22.76298,86.13998,31.03,352.56,50,VIIRS_NOAA20
DET_000836,FAC_029,2026-07-13 17:07:00,22.90499,86.28575,17.84,342.31,82,MODIS_Terra
DET_000491,FAC_018,2026-07-13 17:44:00,22.76536,86.13882,24.9,333.9,81,VIIRS_NOAA20
DET_000094,FAC_005,2026-07-13 18:12:00,22.74472,86.05823,23.22,335.41,82,MODIS_Terra
DET_000197,FAC_009,2026-07-13 21:52:00,22.73629,86.14122,15.68,334.84,89,MODIS_Aqua
DET_000837,FAC_029,2026-07-13 23:21:00,22.91183,86.27477,18.32,349.42,72,MODIS_Terra
DET_000399,FAC_016,2026-07-14 00:01:00,22.80413,86.09533,13.64,326.87,93,MODIS_Aqua
DET_000400,FAC_016,2026-07-14 02:09:00,22.79834,86.09537,14.08,325.43,79,MODIS_Terra
DET_000691,FAC_027,2026-07-14 03:21:00,22.70663,86.14162,9.32,322.9,58,VIIRS_NOAA20
DET_000761,FAC_028,2026-07-14 04:19:00,22.82692,86.10313,30.72,348.18,70,VIIRS_SNPP
DET_000762,FAC_028,2026-07-14 05:54:00,22.82115,86.10078,26.38,331.49,65,MODIS_Terra
DET_000492,FAC_018,2026-07-14 06:11:00,22.76644,86.13779,17.47,351.43,72,MODIS_Aqua
DET_000046,FAC_004,2026-07-14 07:43:00,22.81638,86.21855,8.87,312.05,70,MODIS_Aqua
DET_000838,FAC_029,2026-07-14 08:28:00,22.90451,86.27949,11.67,344.61,78,VIIRS_SNPP
DET_000589,FAC_022,2026-07-14 08:35:00,22.85797,86.12704,11.25,323.82,69,VIIRS_SNPP
DET_000590,FAC_022,2026-07-14 14:35:00,22.8627,86.1297,10.17,323.1,77,MODIS_Aqua
DET_000095,FAC_005,2026-07-14 19:31:00,22.74015,86.05743,21.42,337.8,86,VIIRS_SNPP
DET_000654,FAC_026,2026-07-15 00:15:00,22.9187,86.18713,19.82,327.86,88,MODIS_Aqua
DET_000244,FAC_010,2026-07-15 01:14:00,22.84845,86.21607,9.51,322.77,72,VIIRS_SNPP
DET_000348,FAC_015,2026-07-15 06:09:00,22.78603,86.09379,12.1,319.11,90,MODIS_Aqua
DET_000284,FAC_011,2026-07-15 09:28:00,22.88723,86.24946,7.91,323.92,99,VIIRS_NOAA20
DET_000401,FAC_016,2026-07-15 15:23:00,22.79941,86.09603,23.63,330.93,90,MODIS_Aqua
DET_000198,FAC_009,2026-07-15 15:42:00,22.73744,86.13491,14.43,326.21,87,VIIRS_NOAA20
DET_000024,FAC_002,2026-07-15 16:51:00,22.7883,86.22116,7.73,311.75,77,MODIS_Aqua
DET_000096,FAC_005,2026-07-16 02:41:00,22.74422,86.06109,22.01,349.09,76,MODIS_Aqua
DET_000839,FAC_029,2026-07-16 03:12:00,22.90994,86.2716,17.05,338.34,77,MODIS_Aqua
DET_000285,FAC_011,2026-07-16 05:19:00,22.88552,86.25016,11.73,320.61,65,MODIS_Aqua
DET_000841,FAC_029,2026-07-16 05:23:00,22.91131,86.27707,13.86,339.85,97,MODIS_Terra
DET_000402,FAC_016,2026-07-16 09:01:00,22.80126,86.0985,14.39,325.43,89,MODIS_Terra
DET_000763,FAC_028,2026-07-16 09:59:00,22.82596,86.10522,19.28,359.51,65,VIIRS_NOAA20
DET_000765,FAC_028,2026-07-16 10:14:00,22.82472,86.10253,18.81,332.11,50,MODIS_Terra
DET_000245,FAC_010,2026-07-16 10:53:00,22.8454,86.21626,11.53,313.63,73,MODIS_Terra
DET_000840,FAC_029,2026-07-16 19:53:00,22.91033,86.27873,10.54,342.29,86,VIIRS_NOAA20
DET_000764,FAC_028,2026-07-16 21:21:00,22.82251,86.10057,21.3,340.74,67,MODIS_Aqua
DET_000692,FAC_027,2026-07-16 22:50:00,22.71316,86.14334,9.66,317.03,65,VIIRS_SNPP
DET_000286,FAC_011,2026-07-17 02:02:00,22.88875,86.24564,9.47,328.14,64,MODIS_Terra
DET_000154,FAC_008,2026-07-17 02:16:00,22.72178,86.06115,1.55,318.21,99,MODIS_Aqua
DET_000493,FAC_018,2026-07-17 21:09:00,22.76356,86.13986,26.74,351.52,74,MODIS_Aqua
DET_000766,FAC_028,2026-07-18 04:13:00,22.825,86.1054,27.87,359.54,78,MODIS_Terra
DET_000655,FAC_026,2026-07-18 06:10:00,22.92387,86.18118,16.19,339.65,62,VIIRS_SNPP
DET_000403,FAC_016,2026-07-18 06:58:00,22.7972,86.09839,22.03,330.16,71,MODIS_Aqua
DET_000199,FAC_009,2026-07-18 07:55:00,22.73278,86.13589,18.24,340.97,87,MODIS_Aqua
DET_000842,FAC_029,2026-07-18 14:02:00,22.90471,86.27718,11.54,347.18,83,MODIS_Aqua
DET_000693,FAC_027,2026-07-18 17:11:00,22.71896,86.13733,5.57,326.84,76,VIIRS_NOAA20
DET_000404,FAC_016,2026-07-18 18:43:00,22.79983,86.09694,18.44,326.69,69,VIIRS_SNPP
DET_000843,FAC_029,2026-07-19 02:58:00,22.90415,86.28301,9.63,334.32,83,MODIS_Terra
DET_000405,FAC_016,2026-07-19 06:57:00,22.80069,86.1001,17.0,340.78,64,MODIS_Terra
DET_000349,FAC_015,2026-07-19 07:15:00,22.78572,86.10134,7.33,311.64,70,VIIRS_SNPP
DET_000287,FAC_011,2026-07-19 08:16:00,22.8857,86.24849,8.18,319.11,89,MODIS_Terra
DET_000656,FAC_026,2026-07-19 13:58:00,22.91853,86.18324,12.43,336.76,59,VIIRS_NOAA20
DET_000097,FAC_005,2026-07-19 14:44:00,22.7366,86.06291,16.88,342.12,72,MODIS_Terra
DET_000200,FAC_009,2026-07-19 15:29:00,22.7374,86.13965,17.99,344.7,98,MODIS_Terra
DET_000694,FAC_027,2026-07-19 17:11:00,22.70656,86.14162,8.99,325.41,89,MODIS_Terra
DET_000025,FAC_002,2026-07-20 00:02:00,22.7952,86.21977,5.97,328.25,87,VIIRS_SNPP
DET_000696,FAC_027,2026-07-20 00:17:00,22.70794,86.14332,7.17,319.58,72,MODIS_Aqua
DET_000201,FAC_009,2026-07-20 04:03:00,22.72787,86.13784,16.92,328.54,72,VIIRS_SNPP
DET_000494,FAC_018,2026-07-20 06:39:00,22.76411,86.14187,32.75,342.3,65,MODIS_Terra
DET_000695,FAC_027,2026-07-20 08:52:00,22.70468,86.14392,7.25,314.39,68,MODIS_Terra
DET_000098,FAC_005,2026-07-20 13:35:00,22.73618,86.06093,16.6,351.69,70,MODIS_Terra
DET_000767,FAC_028,2026-07-20 14:27:00,22.8188,86.10232,19.3,358.6,65,MODIS_Aqua
DET_000697,FAC_027,2026-07-20 14:33:00,22.70641,86.13874,12.69,318.22,71,VIIRS_SNPP
DET_000099,FAC_005,2026-07-20 18:02:00,22.74457,86.06252,26.32,330.49,71,MODIS_Terra
DET_000202,FAC_009,2026-07-20 18:22:00,22.73446,86.13682,14.46,339.71,90,MODIS_Aqua
DET_000496,FAC_018,2026-07-21 03:26:00,22.76661,86.14038,16.83,359.23,62,VIIRS_NOAA20
DET_000350,FAC_015,2026-07-21 04:59:00,22.78777,86.1027,5.83,327.8,90,MODIS_Aqua
DET_000591,FAC_022,2026-07-21 08:54:00,22.85697,86.12765,6.14,324.01,81,VIIRS_NOAA20
DET_000769,FAC_028,2026-07-21 09:12:00,22.83066,86.09723,21.5,342.36,70,MODIS_Aqua
DET_000133,FAC_006,2026-07-21 09:16:00,22.77807,86.11578,1.0,312.51,69,VIIRS_SNPP
DET_000203,FAC_009,2026-07-21 11:58:00,22.73164,86.13567,13.47,329.76,77,VIIRS_SNPP
DET_000768,FAC_028,2026-07-21 12:37:00,22.8239,86.09923,20.97,339.56,72,MODIS_Aqua
DET_000495,FAC_018,2026-07-21 12:56:00,22.76847,86.14207,19.25,358.41,66,MODIS_Aqua
DET_000443,FAC_017,2026-07-21 13:53:00,22.85191,86.18093,6.94,305.07,97,MODIS_Terra
DET_000038,FAC_003,2026-07-21 16:29:00,22.88068,86.23843,3.19,309.66,83,VIIRS_NOAA20
DET_000698,FAC_027,2026-07-21 23:15:00,22.71619,86.14387,7.83,326.06,87,MODIS_Aqua
DET_000610,FAC_023,2026-07-22 00:51:00,22.94542,86.2826,1.77,313.41,78,MODIS_Aqua
DET_000047,FAC_004,2026-07-22 01:51:00,22.81551,86.21902,5.95,321.29,92,VIIRS_SNPP
DET_000844,FAC_029,2026-07-22 05:03:00,22.902,86.27284,12.58,344.35,90,MODIS_Aqua
DET_000026,FAC_002,2026-07-22 07:34:00,22.79489,86.22337,8.0,326.73,81,VIIRS_SNPP
DET_000100,FAC_005,2026-07-22 09:48:00,22.74317,86.05992,29.14,333.57,86,MODIS_Terra
DET_000406,FAC_016,2026-07-22 10:26:00,22.79893,86.0973,13.54,324.93,100,MODIS_Aqua
DET_000246,FAC_010,2026-07-22 12:24:00,22.84554,86.22012,7.23,316.84,88,MODIS_Terra
DET_000101,FAC_005,2026-07-22 14:01:00,22.73889,86.05646,15.97,341.79,66,VIIRS_SNPP
DET_000288,FAC_011,2026-07-22 15:51:00,22.88684,86.24517,10.26,315.81,81,MODIS_Terra
DET_000351,FAC_015,2026-07-22 16:14:00,22.78787,86.09667,5.52,328.03,88,MODIS_Aqua
DET_000407,FAC_016,2026-07-22 19:34:00,22.79731,86.10137,21.27,341.86,97,MODIS_Aqua
DET_000497,FAC_018,2026-07-22 22:08:00,22.76942,86.14035,18.18,338.17,94,VIIRS_SNPP
DET_000658,FAC_026,2026-07-23 01:25:00,22.92323,86.18993,24.51,322.7,60,MODIS_Aqua
DET_000498,FAC_018,2026-07-23 06:34:00,22.76218,86.14016,24.64,344.74,70,MODIS_Terra
DET_000657,FAC_026,2026-07-23 06:43:00,22.91953,86.18957,15.27,323.08,91,MODIS_Aqua
DET_000845,FAC_029,2026-07-23 08:40:00,22.90206,86.27598,18.36,334.67,87,VIIRS_NOAA20
DET_000499,FAC_018,2026-07-23 10:47:00,22.76393,86.13872,26.71,342.32,86,VIIRS_NOAA20
DET_000290,FAC_011,2026-07-23 14:31:00,22.88278,86.25204,13.37,327.33,86,MODIS_Terra
DET_000500,FAC_018,2026-07-23 16:28:00,22.76076,86.14579,19.9,357.48,90,MODIS_Aqua
DET_000204,FAC_009,2026-07-23 17:14:00,22.73349,86.13933,12.4,340.48,89,VIIRS_SNPP
DET_000770,FAC_028,2026-07-23 17:26:00,22.82911,86.10075,19.32,337.68,71,MODIS_Terra
DET_000408,FAC_016,2026-07-23 19:21:00,22.79889,86.09415,20.37,321.15,72,VIIRS_SNPP
DET_000102,FAC_005,2026-07-23 20:25:00,22.7415,86.06092,28.96,339.76,83,VIIRS_SNPP
DET_000289,FAC_011,2026-07-23 21:11:00,22.88957,86.25905,9.57,330.44,92,VIIRS_SNPP
DET_000846,FAC_029,2026-07-23 21:36:00,22.90589,86.27827,17.28,332.09,83,VIIRS_NOAA20
DET_000352,FAC_015,2026-07-23 22:19:00,22.79051,86.09753,10.05,321.31,83,VIIRS_SNPP
DET_000205,FAC_009,2026-07-23 22:21:00,22.73378,86.13451,18.38,336.52,73,MODIS_Aqua
DET_000848,FAC_029,2026-07-24 02:42:00,22.91207,86.27798,13.97,338.53,78,MODIS_Terra
DET_000551,FAC_020,2026-07-24 02:53:00,22.67762,86.08072,4.74,307.45,77,MODIS_Terra
DET_000592,FAC_022,2026-07-24 14:16:00,22.86063,86.12918,9.18,328.16,89,MODIS_Aqua
DET_000550,FAC_020,2026-07-24 19:25:00,22.67908,86.08474,7.03,318.59,84,MODIS_Aqua
DET_000142,FAC_007,2026-07-24 21:59:00,22.77448,86.30723,2.83,309.23,89,VIIRS_SNPP
DET_000847,FAC_029,2026-07-24 22:43:00,22.90115,86.27481,18.06,341.1,76,VIIRS_NOAA20
DET_000291,FAC_011,2026-07-24 23:12:00,22.89121,86.24444,8.35,327.76,78,MODIS_Terra
DET_000771,FAC_028,2026-07-25 03:29:00,22.82419,86.10848,21.33,357.92,65,VIIRS_SNPP
DET_000103,FAC_005,2026-07-25 09:26:00,22.74139,86.05388,16.83,336.74,59,MODIS_Aqua
DET_000660,FAC_026,2026-07-25 12:19:00,22.9155,86.17845,13.13,335.11,72,VIIRS_SNPP
DET_000659,FAC_026,2026-07-25 13:29:00,22.91845,86.18312,23.56,340.97,67,MODIS_Aqua
DET_000048,FAC_004,2026-07-25 18:37:00,22.81314,86.21937,5.47,318.37,50,MODIS_Aqua
DET_000849,FAC_029,2026-07-25 21:14:00,22.90383,86.2753,13.33,348.41,85,MODIS_Terra
DET_000501,FAC_018,2026-07-25 21:23:00,22.76743,86.14231,19.32,336.59,64,VIIRS_SNPP
DET_000134,FAC_006,2026-07-25 21:57:00,22.77811,86.11653,2.4,319.35,88,VIIRS_NOAA20
DET_000502,FAC_018,2026-07-25 21:59:00,22.76786,86.14331,25.06,337.93,67,VIIRS_SNPP
DET_000409,FAC_016,2026-07-25 23:45:00,22.80389,86.09583,13.48,320.76,72,MODIS_Aqua
DET_000594,FAC_022,2026-07-26 02:58:00,22.85871,86.13237,9.07,320.51,73,VIIRS_NOAA20
DET_000247,FAC_010,2026-07-26 03:20:00,22.84919,86.21782,10.46,327.6,64,VIIRS_NOAA20
DET_000558,FAC_021,2026-07-26 06:09:00,22.94012,86.32578,1.96,318.41,85,VIIRS_SNPP
DET_000155,FAC_008,2026-07-26 06:51:00,22.71792,86.07314,3.04,304.65,82,VIIRS_SNPP
DET_000027,FAC_002,2026-07-26 07:49:00,22.7893,86.21577,6.4,310.6,70,MODIS_Aqua
DET_000850,FAC_029,2026-07-26 08:58:00,22.90648,86.27455,19.97,343.01,83,MODIS_Terra
DET_000595,FAC_022,2026-07-26 09:33:00,22.85924,86.13134,12.63,323.7,65,VIIRS_SNPP
DET_000772,FAC_028,2026-07-26 09:47:00,22.82678,86.10253,20.8,347.23,80,MODIS_Aqua
DET_000593,FAC_022,2026-07-26 10:29:00,22.86031,86.13021,7.86,329.39,78,MODIS_Aqua
DET_000410,FAC_016,2026-07-26 14:22:00,22.79864,86.09602,22.69,320.22,92,VIIRS_NOAA20
DET_000596,FAC_022,2026-07-26 19:33:00,22.85653,86.13447,6.1,322.68,92,MODIS_Terra
DET_000207,FAC_009,2026-07-27 01:11:00,22.73183,86.13466,22.63,348.47,84,MODIS_Terra
DET_000293,FAC_011,2026-07-27 06:16:00,22.88799,86.24682,11.26,320.49,63,VIIRS_SNPP
DET_000773,FAC_028,2026-07-27 07:29:00,22.82386,86.10167,24.96,359.42,79,MODIS_Aqua
DET_000552,FAC_020,2026-07-27 11:01:00,22.6712,86.0796,8.53,322.25,68,MODIS_Aqua
DET_000662,FAC_026,2026-07-27 11:04:00,22.92621,86.19051,23.19,329.84,97,VIIRS_NOAA20
DET_000292,FAC_011,2026-07-27 11:37:00,22.88306,86.24823,13.29,315.79,87,MODIS_Aqua
DET_000105,FAC_005,2026-07-27 12:11:00,22.73546,86.05538,25.07,358.19,89,MODIS_Aqua
DET_000135,FAC_006,2026-07-27 12:59:00,22.77926,86.11448,4.52,309.32,80,VIIRS_SNPP
DET_000206,FAC_009,2026-07-27 14:15:00,22.73391,86.13737,12.79,332.9,85,VIIRS_NOAA20
DET_000661,FAC_026,2026-07-27 19:55:00,22.921,86.18294,14.99,324.62,81,MODIS_Aqua
DET_000104,FAC_005,2026-07-27 21:19:00,22.74101,86.06194,24.37,356.25,86,VIIRS_NOAA20
DET_000774,FAC_028,2026-07-28 02:27:00,22.82066,86.10323,26.73,339.7,79,MODIS_Terra
DET_000663,FAC_026,2026-07-28 02:34:00,22.92322,86.18544,11.0,332.37,90,MODIS_Aqua
DET_000411,FAC_016,2026-07-28 04:37:00,22.79691,86.09746,15.98,341.12,95,MODIS_Aqua
DET_000106,FAC_005,2026-07-28 09:02:00,22.74361,86.06134,26.97,339.02,72,MODIS_Terra
DET_000318,FAC_013,2026-07-28 12:20:00,22.70189,86.06047,5.8,317.82,51,MODIS_Terra
DET_000851,FAC_029,2026-07-28 12:58:00,22.90275,86.28451,15.82,336.06,83,VIIRS_NOAA20
DET_000503,FAC_018,2026-07-28 14:22:00,22.77108,86.13565,22.35,350.07,73,MODIS_Terra
DET_000136,FAC_006,2026-07-28 14:32:00,22.78307,86.11237,3.87,311.25,79,MODIS_Terra
DET_000208,FAC_009,2026-07-28 14:35:00,22.7356,86.13567,12.79,345.22,74,VIIRS_SNPP
DET_000039,FAC_003,2026-07-28 16:29:00,22.87389,86.23878,4.54,317.41,83,MODIS_Terra
DET_000699,FAC_027,2026-07-28 18:18:00,22.71252,86.14064,11.75,311.47,73,MODIS_Aqua
DET_000107,FAC_005,2026-07-28 20:55:00,22.74191,86.05694,20.16,337.35,79,VIIRS_NOAA20
DET_000028,FAC_002,2026-07-29 15:15:00,22.7903,86.21476,10.95,329.68,80,MODIS_Terra
DET_000775,FAC_028,2026-07-29 16:35:00,22.82038,86.10367,26.78,355.73,73,MODIS_Aqua
DET_000294,FAC_011,2026-07-29 22:59:00,22.88493,86.25338,14.62,316.08,77,VIIRS_SNPP
DET_000777,FAC_028,2026-07-30 01:09:00,22.8227,86.10626,19.08,351.56,57,MODIS_Aqua
DET_000319,FAC_013,2026-07-30 05:37:00,22.69871,86.06347,2.69,324.83,93,MODIS_Terra
DET_000538,FAC_019,2026-07-30 08:18:00,22.84421,86.15841,4.71,304.07,65,MODIS_Aqua
DET_000665,FAC_026,2026-07-30 09:33:00,22.92003,86.18647,22.96,333.13,69,MODIS_Aqua
DET_000664,FAC_026,2026-07-30 12:57:00,22.91644,86.18904,23.33,332.54,58,VIIRS_NOAA20
DET_000852,FAC_029,2026-07-30 18:20:00,22.91334,86.28172,12.27,332.77,73,MODIS_Terra
DET_000209,FAC_009,2026-07-30 20:52:00,22.73964,86.14129,19.2,341.7,83,MODIS_Terra
DET_000248,FAC_010,2026-07-30 21:12:00,22.8453,86.21414,6.85,317.11,68,VIIRS_SNPP
DET_000776,FAC_028,2026-07-30 22:39:00,22.82361,86.09975,32.77,341.35,79,VIIRS_SNPP
DET_000030,FAC_002,2026-07-31 00:00:00,22.79127,86.22098,8.8,317.55,63,MODIS_Aqua
DET_000295,FAC_011,2026-07-31 00:58:00,22.88664,86.24821,9.91,331.7,87,MODIS_Terra
DET_000296,FAC_011,2026-07-31 02:07:00,22.88615,86.24666,6.71,318.18,97,VIIRS_NOAA20
DET_000108,FAC_005,2026-07-31 02:30:00,22.74081,86.0635,17.77,336.27,77,VIIRS_NOAA20
DET_000249,FAC_010,2026-07-31 03:23:00,22.84446,86.2122,4.55,317.37,93,MODIS_Terra
DET_000320,FAC_013,2026-07-31 05:13:00,22.70109,86.05577,2.44,324.46,75,VIIRS_SNPP
DET_000412,FAC_016,2026-07-31 05:56:00,22.80389,86.09704,21.03,329.52,61,MODIS_Aqua
DET_000210,FAC_009,2026-07-31 07:06:00,22.7376,86.13934,15.55,343.79,87,MODIS_Aqua
DET_000666,FAC_026,2026-07-31 18:05:00,22.92342,86.18992,22.21,323.87,66,MODIS_Aqua
DET_000029,FAC_002,2026-07-31 21:36:00,22.7903,86.21618,10.54,327.25,81,MODIS_Aqua
DET_000539,FAC_019,2026-07-31 22:26:00,22.83349,86.15597,2.31,301.7,88,VIIRS_NOAA20
DET_000321,FAC_013,2026-08-01 00:41:00,22.69575,86.05536,3.27,323.41,89,MODIS_Terra
DET_000504,FAC_018,2026-08-01 11:15:00,22.76381,86.13788,17.0,343.3,79,VIIRS_NOAA20
DET_000211,FAC_009,2026-08-01 12:02:00,22.73848,86.14355,18.8,343.5,81,VIIRS_NOAA20
DET_000143,FAC_007,2026-08-01 13:10:00,22.77205,86.30259,4.81,316.05,66,VIIRS_SNPP
DET_000109,FAC_005,2026-08-01 14:41:00,22.74143,86.06121,16.43,337.82,87,VIIRS_SNPP
DET_000297,FAC_011,2026-08-01 19:47:00,22.8835,86.24711,9.71,330.61,61,VIIRS_SNPP
DET_000853,FAC_029,2026-08-01 22:00:00,22.90759,86.27669,21.02,347.09,64,MODIS_Aqua
DET_000353,FAC_015,2026-08-01 22:35:00,22.78642,86.09231,12.14,324.34,88,VIIRS_NOAA20
DET_000444,FAC_017,2026-08-01 23:13:00,22.85701,86.18286,6.12,318.37,64,VIIRS_NOAA20
DET_000778,FAC_028,2026-08-02 01:32:00,22.82511,86.10077,18.69,355.79,63,MODIS_Aqua
DET_000137,FAC_006,2026-08-02 07:17:00,22.7828,86.12004,3.8,310.68,75,MODIS_Terra
DET_000445,FAC_017,2026-08-02 09:02:00,22.85875,86.18484,4.11,324.48,91,VIIRS_SNPP
DET_000212,FAC_009,2026-08-02 09:28:00,22.73086,86.13906,10.77,339.62,54,VIIRS_NOAA20
DET_000110,FAC_005,2026-08-02 11:08:00,22.74261,86.06239,17.67,342.66,79,MODIS_Aqua
DET_000879,FAC_030,2026-08-02 12:42:00,22.86677,86.18364,3.42,314.22,78,MODIS_Terra
DET_000597,FAC_022,2026-08-02 13:53:00,22.85954,86.12758,6.34,323.12,72,MODIS_Aqua
DET_000701,FAC_027,2026-08-02 15:30:00,22.71042,86.14306,6.99,329.23,68,MODIS_Aqua
DET_000040,FAC_003,2026-08-02 17:25:00,22.87773,86.24353,2.41,312.51,77,VIIRS_SNPP
DET_000322,FAC_013,2026-08-02 20:30:00,22.69952,86.05695,5.14,324.54,68,VIIRS_NOAA20
DET_000305,FAC_012,2026-08-02 23:19:00,22.77078,86.29321,3.55,308.95,83,VIIRS_SNPP
DET_000700,FAC_027,2026-08-02 23:20:00,22.71063,86.14859,9.75,321.64,89,VIIRS_SNPP
DET_000880,FAC_030,2026-08-03 04:34:00,22.86511,86.18383,3.63,307.26,62,MODIS_Terra
DET_000111,FAC_005,2026-08-03 05:37:00,22.74326,86.0562,21.41,355.72,89,MODIS_Terra
DET_000049,FAC_004,2026-08-03 06:08:00,22.8148,86.21843,3.43,313.93,74,MODIS_Terra
DET_000702,FAC_027,2026-08-03 07:55:00,22.70542,86.14007,8.1,314.82,80,MODIS_Terra
DET_000780,FAC_028,2026-08-03 08:55:00,22.82266,86.10409,16.83,342.64,90,VIIRS_SNPP
DET_000413,FAC_016,2026-08-03 10:32:00,22.79919,86.09734,22.92,341.79,78,MODIS_Terra
DET_000779,FAC_028,2026-08-03 12:45:00,22.81963,86.10114,27.98,352.37,89,MODIS_Aqua
DET_000505,FAC_018,2026-08-03 19:26:00,22.76624,86.14004,18.48,345.19,85,MODIS_Terra
DET_000781,FAC_028,2026-08-04 02:07:00,22.82292,86.10967,30.42,354.02,84,MODIS_Aqua
DET_000003,FAC_001,2026-08-04 07:37:00,22.68114,86.25182,4.08,305.63,56,MODIS_Terra
DET_000112,FAC_005,2026-08-04 11:14:00,22.74385,86.05888,23.03,341.01,93,MODIS_Aqua
DET_000668,FAC_026,2026-08-04 12:33:00,22.91797,86.19084,20.05,323.64,78,MODIS_Aqua
DET_000611,FAC_023,2026-08-04 13:37:00,22.94643,86.28209,1.93,312.32,88,MODIS_Aqua
DET_000667,FAC_026,2026-08-04 13:48:00,22.92027,86.18601,24.6,324.18,64,VIIRS_SNPP
DET_000854,FAC_029,2026-08-04 13:49:00,22.9071,86.27906,10.74,331.47,72,MODIS_Aqua
DET_000598,FAC_022,2026-08-04 22:39:00,22.85656,86.12646,11.52,327.25,72,MODIS_Terra
DET_000323,FAC_013,2026-08-05 06:28:00,22.69923,86.05735,7.2,317.81,92,MODIS_Aqua
DET_000782,FAC_028,2026-08-05 07:13:00,22.82087,86.10658,18.91,333.29,55,VIIRS_NOAA20
DET_000784,FAC_028,2026-08-05 13:22:00,22.82267,86.10012,19.71,348.48,90,MODIS_Terra
DET_000881,FAC_030,2026-08-05 14:34:00,22.86797,86.1792,5.37,305.68,84,MODIS_Terra
DET_000506,FAC_018,2026-08-05 17:27:00,22.76368,86.13684,25.13,345.76,76,VIIRS_NOAA20
DET_000783,FAC_028,2026-08-05 18:50:00,22.82238,86.09992,18.67,357.98,66,MODIS_Terra
DET_000669,FAC_026,2026-08-05 22:07:00,22.92116,86.18843,20.83,334.55,89,MODIS_Terra
DET_000324,FAC_013,2026-08-06 00:03:00,22.69772,86.0531,5.94,324.35,68,VIIRS_SNPP
DET_000416,FAC_016,2026-08-06 00:45:00,22.79963,86.09363,17.91,321.25,74,MODIS_Terra
DET_000414,FAC_016,2026-08-06 02:28:00,22.80217,86.08913,16.33,327.17,69,MODIS_Aqua
DET_000855,FAC_029,2026-08-06 02:33:00,22.9042,86.27538,18.64,341.7,83,MODIS_Terra
DET_000507,FAC_018,2026-08-06 04:46:00,22.76638,86.14053,15.21,338.22,85,VIIRS_SNPP
DET_000446,FAC_017,2026-08-06 06:43:00,22.85961,86.18353,7.13,324.63,100,MODIS_Terra
DET_000113,FAC_005,2026-08-06 15:03:00,22.7441,86.06089,26.38,356.23,93,VIIRS_NOAA20
DET_000508,FAC_018,2026-08-06 16:51:00,22.76399,86.14299,29.34,359.93,85,VIIRS_NOAA20
DET_000415,FAC_016,2026-08-06 17:10:00,22.80188,86.09179,18.93,343.97,77,MODIS_Terra
DET_000599,FAC_022,2026-08-07 00:11:00,22.85928,86.1318,7.58,325.45,81,VIIRS_SNPP
DET_000670,FAC_026,2026-08-07 01:14:00,22.91901,86.18852,20.5,334.13,73,MODIS_Terra
DET_000785,FAC_028,2026-08-07 12:24:00,22.82035,86.09841,19.64,339.9,88,MODIS_Terra
DET_000704,FAC_027,2026-08-07 13:01:00,22.70904,86.14129,6.87,310.69,71,MODIS_Aqua
DET_000703,FAC_027,2026-08-07 13:44:00,22.7128,86.13987,8.68,324.04,57,VIIRS_NOAA20
DET_000213,FAC_009,2026-08-07 14:36:00,22.73541,86.13499,12.23,345.76,76,MODIS_Terra
DET_000306,FAC_012,2026-08-07 15:46:00,22.77959,86.29599,1.94,314.74,90,MODIS_Terra
DET_000856,FAC_029,2026-08-07 18:01:00,22.90757,86.28357,10.98,340.06,57,MODIS_Terra
DET_000447,FAC_017,2026-08-07 19:12:00,22.86361,86.18377,2.63,305.57,95,MODIS_Aqua
DET_000417,FAC_016,2026-08-07 20:41:00,22.7983,86.08991,15.95,335.62,68,VIIRS_NOAA20
DET_000004,FAC_001,2026-08-07 22:29:00,22.68296,86.24829,1.89,304.04,89,VIIRS_NOAA20
DET_000214,FAC_009,2026-08-08 01:21:00,22.73067,86.14509,11.04,327.67,84,MODIS_Aqua
DET_000419,FAC_016,2026-08-08 01:35:00,22.80587,86.09534,12.58,335.76,75,MODIS_Terra
DET_000418,FAC_016,2026-08-08 02:11:00,22.79848,86.09663,18.26,340.61,78,MODIS_Aqua
DET_000145,FAC_007,2026-08-08 02:25:00,22.77408,86.30412,3.91,309.48,68,VIIRS_SNPP
DET_000882,FAC_030,2026-08-08 10:51:00,22.86418,86.18746,5.03,321.8,63,VIIRS_SNPP
DET_000509,FAC_018,2026-08-08 14:14:00,22.77083,86.14271,20.88,330.24,48,MODIS_Terra
DET_000114,FAC_005,2026-08-08 14:17:00,22.74253,86.06485,28.45,338.45,56,VIIRS_NOAA20
DET_000250,FAC_010,2026-08-08 15:26:00,22.85035,86.2172,5.71,316.06,86,VIIRS_SNPP
DET_000144,FAC_007,2026-08-08 15:50:00,22.76944,86.30656,4.23,315.31,68,MODIS_Aqua
DET_000672,FAC_026,2026-08-08 18:20:00,22.91447,86.18101,15.39,337.77,75,VIIRS_SNPP
DET_000617,FAC_024,2026-08-08 20:15:00,22.8664,86.18525,4.03,308.88,75,MODIS_Terra
DET_000510,FAC_018,2026-08-08 21:12:00,22.76374,86.1375,22.73,341.87,77,MODIS_Aqua
DET_000671,FAC_026,2026-08-08 21:18:00,22.92048,86.19307,14.32,328.46,88,VIIRS_SNPP
DET_000705,FAC_027,2026-08-09 01:55:00,22.71777,86.14581,10.9,311.54,89,MODIS_Terra
DET_000325,FAC_013,2026-08-09 07:49:00,22.69788,86.06363,2.5,323.75,78,MODIS_Terra
DET_000115,FAC_005,2026-08-09 16:38:00,22.73867,86.06163,29.19,336.87,77,MODIS_Aqua
DET_000786,FAC_028,2026-08-09 16:50:00,22.82156,86.10395,28.0,345.99,95,MODIS_Aqua
DET_000622,FAC_025,2026-08-09 17:02:00,22.73631,86.08324,4.8,315.36,100,MODIS_Aqua
DET_000156,FAC_008,2026-08-09 17:25:00,22.71834,86.07069,1.34,318.32,72,VIIRS_SNPP
DET_000857,FAC_029,2026-08-09 21:11:00,22.90471,86.27494,13.53,339.9,80,MODIS_Terra
DET_000787,FAC_028,2026-08-09 21:58:00,22.82333,86.10084,17.76,347.86,59,MODIS_Terra
DET_000618,FAC_024,2026-08-10 08:14:00,22.86396,86.18579,5.06,304.62,82,MODIS_Terra
DET_000216,FAC_009,2026-08-10 11:12:00,22.73656,86.13595,10.4,325.37,66,VIIRS_SNPP
DET_000788,FAC_028,2026-08-10 11:25:00,22.82579,86.10315,22.15,344.12,73,MODIS_Aqua
DET_000600,FAC_022,2026-08-10 14:47:00,22.85552,86.12506,14.66,320.87,77,MODIS_Terra
DET_000116,FAC_005,2026-08-10 17:42:00,22.74457,86.05948,16.82,356.53,98,MODIS_Aqua
DET_000215,FAC_009,2026-08-10 21:34:00,22.73624,86.13801,18.73,328.03,95,VIIRS_NOAA20
DET_000157,FAC_008,2026-08-11 19:53:00,22.71771,86.06807,3.31,315.0,86,MODIS_Terra
DET_000789,FAC_028,2026-08-11 20:02:00,22.82306,86.1065,24.54,359.05,80,VIIRS_NOAA20
DET_000252,FAC_010,2026-08-12 02:41:00,22.84453,86.22283,12.21,321.34,93,MODIS_Terra
DET_000706,FAC_027,2026-08-12 04:03:00,22.70376,86.14424,8.81,328.64,79,MODIS_Terra
DET_000602,FAC_022,2026-08-12 04:11:00,22.86264,86.128,9.39,333.71,79,MODIS_Aqua
DET_000420,FAC_016,2026-08-12 06:49:00,22.80374,86.09825,18.02,333.8,75,VIIRS_SNPP
DET_000138,FAC_006,2026-08-12 08:39:00,22.78297,86.11588,3.19,305.08,79,MODIS_Terra
DET_000601,FAC_022,2026-08-12 09:49:00,22.85691,86.12726,8.35,325.78,81,VIIRS_SNPP
DET_000674,FAC_026,2026-08-12 11:34:00,22.91749,86.18941,19.05,331.78,64,VIIRS_NOAA20
DET_000251,FAC_010,2026-08-12 13:38:00,22.84929,86.21163,10.39,313.01,82,MODIS_Terra
DET_000858,FAC_029,2026-08-12 17:46:00,22.9088,86.27165,11.1,331.76,73,VIIRS_SNPP
DET_000673,FAC_026,2026-08-12 17:57:00,22.91851,86.1836,17.44,329.13,51,MODIS_Aqua
DET_000218,FAC_009,2026-08-12 19:05:00,22.72868,86.1421,14.82,336.04,81,VIIRS_SNPP
DET_000217,FAC_009,2026-08-12 22:40:00,22.73838,86.1312,11.03,336.56,75,MODIS_Terra
DET_000790,FAC_028,2026-08-12 23:34:00,22.82311,86.09867,16.35,337.38,66,VIIRS_SNPP
DET_000139,FAC_006,2026-08-13 01:37:00,22.78072,86.10869,1.48,319.15,91,VIIRS_SNPP
DET_000421,FAC_016,2026-08-13 02:00:00,22.79823,86.09708,11.98,322.01,75,MODIS_Aqua
DET_000253,FAC_010,2026-08-13 02:31:00,22.84839,86.21198,6.15,327.63,100,MODIS_Aqua
DET_000031,FAC_002,2026-08-13 09:59:00,22.78515,86.2193,8.44,324.47,64,MODIS_Terra
DET_000553,FAC_020,2026-08-13 11:35:00,22.67255,86.08272,4.01,305.24,88,VIIRS_SNPP
DET_000675,FAC_026,2026-08-13 13:21:00,22.91577,86.18683,18.6,342.84,75,MODIS_Aqua
DET_000511,FAC_018,2026-08-13 19:31:00,22.76427,86.13941,18.87,333.87,73,VIIRS_NOAA20
DET_000326,FAC_013,2026-08-13 20:59:00,22.70486,86.06062,3.97,311.96,83,MODIS_Aqua
DET_000612,FAC_023,2026-08-14 02:13:00,22.94064,86.2783,2.04,308.39,62,VIIRS_SNPP
DET_000512,FAC_018,2026-08-14 16:23:00,22.76595,86.13631,30.49,351.61,78,MODIS_Aqua
DET_000220,FAC_009,2026-08-14 16:35:00,22.7299,86.13913,12.15,344.92,94,VIIRS_NOAA20
DET_000792,FAC_028,2026-08-14 16:45:00,22.82365,86.10699,26.75,357.57,55,MODIS_Terra
DET_000219,FAC_009,2026-08-14 17:10:00,22.73174,86.1387,18.28,332.59,95,VIIRS_NOAA20
DET_000791,FAC_028,2026-08-14 17:13:00,22.82748,86.10783,28.62,335.26,87,VIIRS_NOAA20
DET_000422,FAC_016,2026-08-14 18:45:00,22.7988,86.09728,14.81,323.62,67,VIIRS_SNPP
DET_000330,FAC_014,2026-08-14 19:23:00,22.67296,86.26272,1.56,302.98,89,MODIS_Aqua
DET_000254,FAC_010,2026-08-14 20:30:00,22.84497,86.21506,9.02,310.36,75,MODIS_Terra
DET_000793,FAC_028,2026-08-15 00:18:00,22.82405,86.10751,26.74,331.52,78,MODIS_Terra
DET_000146,FAC_007,2026-08-15 00:25:00,22.77651,86.30127,4.83,303.21,88,VIIRS_SNPP
DET_000860,FAC_029,2026-08-15 01:31:00,22.90397,86.27437,18.91,333.61,64,VIIRS_SNPP
DET_000514,FAC_018,2026-08-15 05:45:00,22.76746,86.13776,19.69,351.29,79,MODIS_Terra
DET_000794,FAC_028,2026-08-15 05:46:00,22.82584,86.0967,21.87,348.53,88,MODIS_Terra
DET_000861,FAC_029,2026-08-15 08:09:00,22.91047,86.27212,20.63,341.22,79,MODIS_Aqua
DET_000117,FAC_005,2026-08-15 08:24:00,22.73742,86.06008,21.87,345.17,73,VIIRS_SNPP
DET_000707,FAC_027,2026-08-15 09:09:00,22.71399,86.14474,9.55,324.61,75,VIIRS_SNPP
DET_000221,FAC_009,2026-08-15 09:55:00,22.73076,86.13595,10.13,342.53,82,MODIS_Terra
DET_000513,FAC_018,2026-08-15 13:10:00,22.76186,86.14076,29.59,334.29,56,VIIRS_SNPP
DET_000222,FAC_009,2026-08-15 14:51:00,22.73761,86.14474,16.63,335.5,88,MODIS_Aqua
DET_000859,FAC_029,2026-08-15 18:20:00,22.91308,86.27819,11.81,349.76,80,VIIRS_SNPP
DET_000795,FAC_028,2026-08-15 19:33:00,22.8318,86.10459,24.47,336.98,71,MODIS_Aqua
DET_000883,FAC_030,2026-08-16 00:22:00,22.86459,86.18697,7.66,317.76,88,MODIS_Aqua
DET_000005,FAC_001,2026-08-16 07:16:00,22.68073,86.24789,2.64,315.07,59,MODIS_Terra
DET_000603,FAC_022,2026-08-16 13:24:00,22.86553,86.12585,8.33,324.06,62,MODIS_Terra
DET_000796,FAC_028,2026-08-16 14:07:00,22.82502,86.10475,18.21,334.91,100,MODIS_Terra
DET_000119,FAC_005,2026-08-17 00:13:00,22.74165,86.06236,22.93,332.16,95,MODIS_Aqua
DET_000797,FAC_028,2026-08-17 01:34:00,22.8238,86.10127,16.93,359.73,58,MODIS_Aqua
DET_000424,FAC_016,2026-08-17 03:52:00,22.79758,86.10059,17.77,322.98,65,MODIS_Terra
DET_000798,FAC_028,2026-08-17 06:37:00,22.82302,86.10622,26.06,333.63,64,VIIRS_NOAA20
DET_000298,FAC_011,2026-08-17 08:01:00,22.88799,86.24863,10.24,319.98,58,MODIS_Terra
DET_000120,FAC_005,2026-08-17 08:05:00,22.74537,86.06257,23.65,351.99,83,MODIS_Terra
DET_000118,FAC_005,2026-08-17 08:55:00,22.74153,86.06005,20.28,355.29,75,VIIRS_SNPP
DET_000423,FAC_016,2026-08-17 18:07:00,22.80299,86.09084,13.34,331.85,95,MODIS_Terra
DET_000708,FAC_027,2026-08-17 19:10:00,22.71601,86.1464,7.28,320.05,77,VIIRS_SNPP
DET_000223,FAC_009,2026-08-17 21:27:00,22.73787,86.13149,19.7,346.47,72,MODIS_Aqua
DET_000006,FAC_001,2026-08-18 00:50:00,22.68387,86.25083,3.41,302.89,100,VIIRS_NOAA20
DET_000032,FAC_002,2026-08-18 03:04:00,22.78991,86.21471,11.34,320.32,94,VIIRS_SNPP
DET_000224,FAC_009,2026-08-18 05:21:00,22.73374,86.14258,16.98,334.09,90,MODIS_Terra
DET_000709,FAC_027,2026-08-18 05:32:00,22.70833,86.14206,7.83,325.58,80,MODIS_Aqua
DET_000604,FAC_022,2026-08-18 06:17:00,22.86337,86.12969,10.56,327.15,80,VIIRS_SNPP
DET_000300,FAC_011,2026-08-18 15:54:00,22.88335,86.24613,8.05,315.21,95,MODIS_Terra
DET_000299,FAC_011,2026-08-18 20:17:00,22.88652,86.25067,7.43,331.67,57,VIIRS_NOAA20
DET_000050,FAC_004,2026-08-18 20:57:00,22.81289,86.21719,5.89,317.82,75,MODIS_Aqua
DET_000710,FAC_027,2026-08-18 21:31:00,22.71185,86.13915,11.64,326.48,70,MODIS_Aqua
DET_000425,FAC_016,2026-08-18 22:49:00,22.79956,86.09656,19.26,331.36,100,MODIS_Terra
DET_000225,FAC_009,2026-08-19 00:25:00,22.73283,86.1361,20.91,349.06,78,VIIRS_SNPP
DET_000121,FAC_005,2026-08-19 01:04:00,22.74709,86.05651,30.61,345.74,87,MODIS_Aqua
DET_000515,FAC_018,2026-08-19 01:37:00,22.76367,86.13836,107.44,361.12,71,VIIRS_NOAA20
DET_000122,FAC_005,2026-08-19 01:52:00,22.74161,86.05888,20.84,359.85,84,VIIRS_SNPP
DET_000520,FAC_018,2026-08-19 02:05:00,22.76465,86.13808,174.03,365.62,93,MODIS_Terra
DET_000301,FAC_011,2026-08-19 02:25:00,22.88266,86.24885,13.76,320.33,82,MODIS_Terra
DET_000799,FAC_028,2026-08-19 03:39:00,22.82083,86.10326,16.18,350.77,76,VIIRS_NOAA20
DET_000678,FAC_026,2026-08-19 03:49:00,22.92073,86.1834,19.88,343.77,67,VIIRS_SNPP
DET_000676,FAC_026,2026-08-19 06:36:00,22.92006,86.18527,21.89,339.92,71,MODIS_Aqua
DET_000426,FAC_016,2026-08-19 07:41:00,22.80082,86.10138,19.27,344.65,68,VIIRS_NOAA20
DET_000518,FAC_018,2026-08-19 08:05:00,22.75865,86.14179,121.0,359.01,59,VIIRS_SNPP
DET_000448,FAC_017,2026-08-19 12:37:00,22.85802,86.1846,5.59,307.4,65,VIIRS_SNPP
DET_000517,FAC_018,2026-08-19 14:01:00,22.7597,86.14232,172.97,355.71,76,MODIS_Terra
DET_000519,FAC_018,2026-08-19 14:38:00,22.76489,86.14067,162.75,363.7,68,MODIS_Aqua
DET_000862,FAC_029,2026-08-19 17:02:00,22.90909,86.27281,16.57,329.71,70,MODIS_Aqua
DET_000677,FAC_026,2026-08-19 17:46:00,22.92421,86.18343,16.8,320.3,75,MODIS_Terra
DET_000226,FAC_009,2026-08-19 18:30:00,22.73527,86.13567,14.62,348.14,74,MODIS_Terra
DET_000033,FAC_002,2026-08-19 19:18:00,22.79146,86.22271,5.86,324.4,75,MODIS_Aqua
DET_000123,FAC_005,2026-08-19 21:43:00,22.7419,86.05556,31.64,359.94,77,VIIRS_SNPP
DET_000516,FAC_018,2026-08-19 23:06:00,22.76578,86.13437,93.22,358.88,90,MODIS_Aqua
DET_000331,FAC_014,2026-08-20 02:16:00,22.67738,86.26828,1.96,318.88,71,VIIRS_SNPP
DET_000863,FAC_029,2026-08-20 04:04:00,22.90234,86.27484,16.41,340.62,74,VIIRS_SNPP
DET_000302,FAC_011,2026-08-20 07:23:00,22.88364,86.25095,7.79,326.74,75,VIIRS_NOAA20
DET_000354,FAC_015,2026-08-20 08:50:00,22.7918,86.09235,66.04,338.08,81,MODIS_Aqua
DET_000521,FAC_018,2026-08-20 10:37:00,22.76313,86.14381,155.1,374.57,69,MODIS_Terra
DET_000034,FAC_002,2026-08-20 10:41:00,22.79767,86.21686,11.44,311.28,77,VIIRS_SNPP
DET_000427,FAC_016,2026-08-20 10:59:00,22.80104,86.09942,20.69,337.64,74,MODIS_Terra
DET_000605,FAC_022,2026-08-20 13:12:00,22.85649,86.1338,10.1,333.57,43,MODIS_Aqua
DET_000800,FAC_028,2026-08-20 15:46:00,22.81862,86.09832,29.56,353.16,87,MODIS_Aqua
DET_000522,FAC_018,2026-08-20 16:56:00,22.76429,86.13588,146.43,367.33,64,MODIS_Aqua
DET_000523,FAC_018,2026-08-20 18:28:00,22.76398,86.14203,163.07,356.3,71,VIIRS_SNPP
DET_000524,FAC_018,2026-08-20 19:12:00,22.76834,86.14044,139.74,372.84,74,MODIS_Aqua
DET_000124,FAC_005,2026-08-20 20:28:00,22.74431,86.06107,25.74,339.72,86,MODIS_Aqua
DET_000801,FAC_028,2026-08-21 07:07:00,22.82484,86.10241,26.26,351.41,72,VIIRS_NOAA20
DET_000525,FAC_018,2026-08-21 08:04:00,22.76431,86.14126,98.28,368.45,100,VIIRS_NOAA20
DET_000528,FAC_018,2026-08-21 10:54:00,22.76146,86.14011,154.02,361.58,77,VIIRS_NOAA20
DET_000527,FAC_018,2026-08-21 11:11:00,22.76382,86.14171,154.35,383.11,80,VIIRS_NOAA20
DET_000307,FAC_012,2026-08-21 13:40:00,22.77333,86.29505,1.88,314.21,53,MODIS_Aqua
DET_000679,FAC_026,2026-08-21 17:59:00,22.92114,86.18018,23.18,331.34,76,VIIRS_NOAA20
DET_000526,FAC_018,2026-08-21 19:52:00,22.7674,86.14277,165.22,358.34,78,VIIRS_NOAA20
DET_000864,FAC_029,2026-08-21 22:16:00,22.90648,86.28124,19.18,336.65,52,MODIS_Aqua
DET_000802,FAC_028,2026-08-22 01:05:00,22.82625,86.10383,29.9,342.69,82,VIIRS_SNPP
DET_000227,FAC_009,2026-08-22 02:35:00,22.73312,86.13279,22.38,342.41,74,VIIRS_SNPP
DET_000428,FAC_016,2026-08-22 05:46:00,22.79382,86.09516,23.1,326.74,71,VIIRS_SNPP
DET_000125,FAC_005,2026-08-22 06:13:00,22.7405,86.05817,17.83,338.8,83,MODIS_Aqua
DET_000530,FAC_018,2026-08-22 07:28:00,22.765,86.14215,136.55,369.99,87,MODIS_Aqua
DET_000866,FAC_029,2026-08-22 08:30:00,22.90453,86.276,14.24,348.62,97,MODIS_Terra
DET_000126,FAC_005,2026-08-22 10:20:00,22.74196,86.05962,24.48,334.27,82,MODIS_Aqua
DET_000303,FAC_011,2026-08-22 16:26:00,22.88584,86.25038,12.96,332.77,100,VIIRS_SNPP
DET_000529,FAC_018,2026-08-22 20:28:00,22.76441,86.14261,118.4,386.7,66,MODIS_Terra
DET_000356,FAC_015,2026-08-22 21:16:00,22.78597,86.09296,37.6,347.54,100,VIIRS_SNPP
DET_000355,FAC_015,2026-08-22 23:47:00,22.7884,86.09637,45.14,350.18,65,MODIS_Aqua
DET_000865,FAC_029,2026-08-22 23:50:00,22.90453,86.2778,16.32,330.64,73,MODIS_Aqua
DET_000533,FAC_018,2026-08-23 04:37:00,22.76806,86.14611,169.72,376.77,70,VIIRS_NOAA20
DET_000804,FAC_028,2026-08-23 05:31:00,22.82276,86.10524,21.51,334.09,85,VIIRS_SNPP
DET_000158,FAC_008,2026-08-23 06:09:00,22.71977,86.06454,4.65,310.46,76,VIIRS_NOAA20
DET_000681,FAC_026,2026-08-23 06:53:00,22.92064,86.186,22.66,334.09,80,MODIS_Terra
DET_000869,FAC_029,2026-08-23 09:25:00,22.90664,86.28165,14.85,337.2,87,MODIS_Terra
DET_000867,FAC_029,2026-08-23 09:53:00,22.90839,86.27719,11.43,338.95,71,VIIRS_NOAA20
DET_000868,FAC_029,2026-08-23 11:25:00,22.90703,86.27408,9.04,336.62,63,MODIS_Aqua
DET_000803,FAC_028,2026-08-23 12:00:00,22.8268,86.09924,25.48,330.08,75,MODIS_Aqua
DET_000051,FAC_004,2026-08-23 12:20:00,22.8147,86.22213,5.91,318.25,57,MODIS_Terra
DET_000613,FAC_023,2026-08-23 15:38:00,22.94222,86.28306,3.0,306.42,85,VIIRS_NOAA20
DET_000127,FAC_005,2026-08-23 15:50:00,22.74691,86.06214,15.6,336.01,75,VIIRS_NOAA20
DET_000870,FAC_029,2026-08-23 16:48:00,22.90636,86.28321,12.59,335.61,69,MODIS_Terra
DET_000805,FAC_028,2026-08-23 17:24:00,22.82839,86.10414,15.65,336.27,96,VIIRS_NOAA20
DET_000531,FAC_018,2026-08-23 19:24:00,22.76343,86.13914,95.74,379.67,73,VIIRS_SNPP
DET_000532,FAC_018,2026-08-23 21:36:00,22.76532,86.13819,124.58,377.66,87,VIIRS_NOAA20
DET_000680,FAC_026,2026-08-23 22:10:00,22.91983,86.1795,24.8,338.19,95,VIIRS_SNPP
